{
  "components": [
    {
      "type": "content",
      "container": "contentContainer0",
      "components": [
        {
          "type": "row",
          "components": [
            {
              "type": "col",
              "class": "col-md-12",
              "components": [
                {
                  "type": "template-form",
                  "name": "form0",
                  "components": [
                    {
                      "type": "row",
                      "style": {
                        "marginBottom": "1rem"
                      },
                      "components": [
                        {
                          "type": "col",
                          "class": "col-md-3",
                          "components": [
                            {
                              "type": "label",
                              "text": "So Id",
                              "component": "SO_ID",
                              "style": {
                                "width": "100%"
                              }
                            }
                          ]
                        },
                        {
                          "type": "col",
                          "class": "col-md-9",
                          "components": [
                            {
                              "maxLength": 15,
                              "type": "textbox",
                              "name": "SO_ID",
                              "style": {
                                "display": "block",
                                "width": "100%"
                              },
                              "value": "${tblsosalesorder.SO_ID}"
                            },
                            {
                              "type": "required-validator",
                              "name": "SO_IDRequiredValidator",
                              "component": "SO_ID",
                              "text": "SO_ID is required",
                              "style": {
                                "position": "absolute"
                              }
                            }
                          ]
                        }
                      ]
                    },
                    {
                      "type": "row",
                      "style": {
                        "marginBottom": "1rem"
                      },
                      "components": [
                        {
                          "type": "col",
                          "class": "col-md-3",
                          "components": [
                            {
                              "type": "label",
                              "text": "So Date",
                              "component": "SODate",
                              "style": {
                                "width": "100%"
                              }
                            }
                          ]
                        },
                        {
                          "type": "col",
                          "class": "col-md-9",
                          "components": [
                            {
                              "dateFormat": "MM/dd/yyyy",
                              "type": "datepicker",
                              "name": "SODate",
                              "style": {
                                "width": "100%"
                              },
                              "value": "${tblsosalesorder.SODate}"
                            }
                          ]
                        }
                      ]
                    },
                    {
                      "type": "row",
                      "style": {
                        "marginBottom": "1rem"
                      },
                      "components": [
                        {
                          "type": "col",
                          "class": "col-md-3",
                          "components": [
                            {
                              "type": "label",
                              "text": "Created By Fk",
                              "component": "CreatedBy_FK",
                              "style": {
                                "width": "100%"
                              }
                            }
                          ]
                        },
                        {
                          "type": "col",
                          "class": "col-md-9",
                          "components": [
                            {
                              "type": "numeric",
                              "name": "CreatedBy_FK",
                              "style": {
                                "width": "100%"
                              },
                              "value": "${tblsosalesorder.CreatedBy_FK}"
                            }
                          ]
                        }
                      ]
                    },
                    {
                      "type": "row",
                      "style": {
                        "marginBottom": "1rem"
                      },
                      "components": [
                        {
                          "type": "col",
                          "class": "col-md-3",
                          "components": [
                            {
                              "type": "label",
                              "text": "Tbl So Order Status",
                              "component": "SOStatus_FK",
                              "style": {
                                "width": "100%"
                              }
                            }
                          ]
                        },
                        {
                          "type": "col",
                          "class": "col-md-9",
                          "components": [
                            {
                              "data": "${getTblSoOrderStatusesResult}",
                              "textProperty": "SOStatus_ID",
                              "valueProperty": "SOStatus_SEQ",
                              "placeholder": "Choose TblSoOrderStatus",
                              "type": "dropdown",
                              "name": "SOStatus_FK",
                              "style": {
                                "width": "100%"
                              },
                              "value": "${tblsosalesorder.SOStatus_FK}"
                            }
                          ]
                        }
                      ]
                    },
                    {
                      "type": "row",
                      "style": {
                        "marginBottom": "1rem"
                      },
                      "components": [
                        {
                          "type": "col",
                          "class": "col-md-3",
                          "components": [
                            {
                              "type": "label",
                              "text": "Tbl So Customer",
                              "component": "Customer_FK",
                              "style": {
                                "width": "100%"
                              }
                            }
                          ]
                        },
                        {
                          "type": "col",
                          "class": "col-md-9",
                          "components": [
                            {
                              "data": "${getTblSoCustomersResult}",
                              "textProperty": "Customer_ID",
                              "valueProperty": "Customer_SEQ",
                              "placeholder": "Choose TblSoCustomer",
                              "type": "dropdown",
                              "name": "Customer_FK",
                              "style": {
                                "width": "100%"
                              },
                              "value": "${tblsosalesorder.Customer_FK}"
                            }
                          ]
                        }
                      ]
                    },
                    {
                      "type": "row",
                      "style": {
                        "marginBottom": "1rem"
                      },
                      "components": [
                        {
                          "type": "col",
                          "class": "col-md-3",
                          "components": [
                            {
                              "type": "label",
                              "text": "Customer Po Number",
                              "component": "CustomerPONumber",
                              "style": {
                                "width": "100%"
                              }
                            }
                          ]
                        },
                        {
                          "type": "col",
                          "class": "col-md-9",
                          "components": [
                            {
                              "maxLength": 15,
                              "type": "textbox",
                              "name": "CustomerPONumber",
                              "style": {
                                "width": "100%"
                              },
                              "value": "${tblsosalesorder.CustomerPONumber}"
                            }
                          ]
                        }
                      ]
                    },
                    {
                      "type": "row",
                      "style": {
                        "marginBottom": "1rem"
                      },
                      "components": [
                        {
                          "type": "col",
                          "class": "col-md-3",
                          "components": [
                            {
                              "type": "label",
                              "text": "Customer Po Date",
                              "component": "CustomerPODate",
                              "style": {
                                "width": "100%"
                              }
                            }
                          ]
                        },
                        {
                          "type": "col",
                          "class": "col-md-9",
                          "components": [
                            {
                              "dateFormat": "MM/dd/yyyy",
                              "type": "datepicker",
                              "name": "CustomerPODate",
                              "style": {
                                "width": "100%"
                              },
                              "value": "${tblsosalesorder.CustomerPODate}"
                            }
                          ]
                        }
                      ]
                    },
                    {
                      "type": "row",
                      "style": {
                        "marginBottom": "1rem"
                      },
                      "components": [
                        {
                          "type": "col",
                          "class": "col-md-3",
                          "components": [
                            {
                              "type": "label",
                              "text": "Bill To Fk",
                              "component": "BillTo_FK",
                              "style": {
                                "width": "100%"
                              }
                            }
                          ]
                        },
                        {
                          "type": "col",
                          "class": "col-md-9",
                          "components": [
                            {
                              "type": "numeric",
                              "name": "BillTo_FK",
                              "style": {
                                "width": "100%"
                              },
                              "value": "${tblsosalesorder.BillTo_FK}"
                            }
                          ]
                        }
                      ]
                    },
                    {
                      "type": "row",
                      "style": {
                        "marginBottom": "1rem"
                      },
                      "components": [
                        {
                          "type": "col",
                          "class": "col-md-3",
                          "components": [
                            {
                              "type": "label",
                              "text": "Tbl Gn Ship Vium",
                              "component": "ShipTo_FK",
                              "style": {
                                "width": "100%"
                              }
                            }
                          ]
                        },
                        {
                          "type": "col",
                          "class": "col-md-9",
                          "components": [
                            {
                              "data": "${getTblGnShipViaResult}",
                              "textProperty": "ShipVia_ID",
                              "valueProperty": "ShipVia_SEQ",
                              "placeholder": "Choose TblGnShipVium",
                              "type": "dropdown",
                              "name": "ShipTo_FK",
                              "style": {
                                "width": "100%"
                              },
                              "value": "${tblsosalesorder.ShipTo_FK}"
                            }
                          ]
                        }
                      ]
                    },
                    {
                      "type": "row",
                      "style": {
                        "marginBottom": "1rem"
                      },
                      "components": [
                        {
                          "type": "col",
                          "class": "col-md-3",
                          "components": [
                            {
                              "type": "label",
                              "text": "Attention",
                              "component": "Attention",
                              "style": {
                                "width": "100%"
                              }
                            }
                          ]
                        },
                        {
                          "type": "col",
                          "class": "col-md-9",
                          "components": [
                            {
                              "maxLength": 100,
                              "type": "textbox",
                              "name": "Attention",
                              "style": {
                                "width": "100%"
                              },
                              "value": "${tblsosalesorder.Attention}"
                            }
                          ]
                        }
                      ]
                    },
                    {
                      "type": "row",
                      "style": {
                        "marginBottom": "1rem"
                      },
                      "components": [
                        {
                          "type": "col",
                          "class": "col-md-3",
                          "components": [
                            {
                              "type": "label",
                              "text": "Ship Via Fk",
                              "component": "ShipVia_FK",
                              "style": {
                                "width": "100%"
                              }
                            }
                          ]
                        },
                        {
                          "type": "col",
                          "class": "col-md-9",
                          "components": [
                            {
                              "type": "numeric",
                              "name": "ShipVia_FK",
                              "style": {
                                "width": "100%"
                              },
                              "value": "${tblsosalesorder.ShipVia_FK}"
                            }
                          ]
                        }
                      ]
                    },
                    {
                      "type": "row",
                      "style": {
                        "marginBottom": "1rem"
                      },
                      "components": [
                        {
                          "type": "col",
                          "class": "col-md-3",
                          "components": [
                            {
                              "type": "label",
                              "text": "Actual Ship Date",
                              "component": "ActualShipDate",
                              "style": {
                                "width": "100%"
                              }
                            }
                          ]
                        },
                        {
                          "type": "col",
                          "class": "col-md-9",
                          "components": [
                            {
                              "dateFormat": "MM/dd/yyyy",
                              "type": "datepicker",
                              "name": "ActualShipDate",
                              "style": {
                                "width": "100%"
                              },
                              "value": "${tblsosalesorder.ActualShipDate}"
                            }
                          ]
                        }
                      ]
                    },
                    {
                      "type": "row",
                      "style": {
                        "marginBottom": "1rem"
                      },
                      "components": [
                        {
                          "type": "col",
                          "class": "col-md-3",
                          "components": [
                            {
                              "type": "label",
                              "text": "Expected Ship Date",
                              "component": "ExpectedShipDate",
                              "style": {
                                "width": "100%"
                              }
                            }
                          ]
                        },
                        {
                          "type": "col",
                          "class": "col-md-9",
                          "components": [
                            {
                              "dateFormat": "MM/dd/yyyy",
                              "type": "datepicker",
                              "name": "ExpectedShipDate",
                              "style": {
                                "width": "100%"
                              },
                              "value": "${tblsosalesorder.ExpectedShipDate}"
                            }
                          ]
                        }
                      ]
                    },
                    {
                      "type": "row",
                      "style": {
                        "marginBottom": "1rem"
                      },
                      "components": [
                        {
                          "type": "col",
                          "class": "col-md-3",
                          "components": [
                            {
                              "type": "label",
                              "text": "Shipper Fk",
                              "component": "Shipper_FK",
                              "style": {
                                "width": "100%"
                              }
                            }
                          ]
                        },
                        {
                          "type": "col",
                          "class": "col-md-9",
                          "components": [
                            {
                              "type": "numeric",
                              "name": "Shipper_FK",
                              "style": {
                                "width": "100%"
                              },
                              "value": "${tblsosalesorder.Shipper_FK}"
                            }
                          ]
                        }
                      ]
                    },
                    {
                      "type": "row",
                      "style": {
                        "marginBottom": "1rem"
                      },
                      "components": [
                        {
                          "type": "col",
                          "class": "col-md-3",
                          "components": [
                            {
                              "type": "label",
                              "text": "Tbl Gn Payment Term",
                              "component": "PaymentTerm_FK",
                              "style": {
                                "width": "100%"
                              }
                            }
                          ]
                        },
                        {
                          "type": "col",
                          "class": "col-md-9",
                          "components": [
                            {
                              "data": "${getTblGnPaymentTermsResult}",
                              "textProperty": "PaymentTerm_ID",
                              "valueProperty": "PaymentTerm_SEQ",
                              "placeholder": "Choose TblGnPaymentTerm",
                              "type": "dropdown",
                              "name": "PaymentTerm_FK",
                              "style": {
                                "width": "100%"
                              },
                              "value": "${tblsosalesorder.PaymentTerm_FK}"
                            }
                          ]
                        }
                      ]
                    },
                    {
                      "type": "row",
                      "style": {
                        "marginBottom": "1rem"
                      },
                      "components": [
                        {
                          "type": "col",
                          "class": "col-md-3",
                          "components": [
                            {
                              "type": "label",
                              "text": "Tbl Gn Payment Type",
                              "component": "PaymentType_FK",
                              "style": {
                                "width": "100%"
                              }
                            }
                          ]
                        },
                        {
                          "type": "col",
                          "class": "col-md-9",
                          "components": [
                            {
                              "data": "${getTblGnPaymentTypesResult}",
                              "textProperty": "PaymentType_ID",
                              "valueProperty": "PaymentType_SEQ",
                              "placeholder": "Choose TblGnPaymentType",
                              "type": "dropdown",
                              "name": "PaymentType_FK",
                              "style": {
                                "width": "100%"
                              },
                              "value": "${tblsosalesorder.PaymentType_FK}"
                            }
                          ]
                        }
                      ]
                    },
                    {
                      "type": "row",
                      "style": {
                        "marginBottom": "1rem"
                      },
                      "components": [
                        {
                          "type": "col",
                          "class": "col-md-3",
                          "components": [
                            {
                              "type": "label",
                              "text": "Sales Persion Fk",
                              "component": "SalesPersion_FK",
                              "style": {
                                "width": "100%"
                              }
                            }
                          ]
                        },
                        {
                          "type": "col",
                          "class": "col-md-9",
                          "components": [
                            {
                              "type": "numeric",
                              "name": "SalesPersion_FK",
                              "style": {
                                "width": "100%"
                              },
                              "value": "${tblsosalesorder.SalesPersion_FK}"
                            }
                          ]
                        }
                      ]
                    },
                    {
                      "type": "row",
                      "style": {
                        "marginBottom": "1rem"
                      },
                      "components": [
                        {
                          "type": "col",
                          "class": "col-md-3",
                          "components": [
                            {
                              "type": "label",
                              "text": "Commission",
                              "component": "Commission",
                              "style": {
                                "width": "100%"
                              }
                            }
                          ]
                        },
                        {
                          "type": "col",
                          "class": "col-md-9",
                          "components": [
                            {
                              "type": "numeric",
                              "name": "Commission",
                              "style": {
                                "width": "100%"
                              },
                              "value": "${tblsosalesorder.Commission}"
                            }
                          ]
                        }
                      ]
                    },
                    {
                      "type": "row",
                      "style": {
                        "marginBottom": "1rem"
                      },
                      "components": [
                        {
                          "type": "col",
                          "class": "col-md-3",
                          "components": [
                            {
                              "type": "label",
                              "text": "Pick No",
                              "component": "Pick_No",
                              "style": {
                                "width": "100%"
                              }
                            }
                          ]
                        },
                        {
                          "type": "col",
                          "class": "col-md-9",
                          "components": [
                            {
                              "type": "numeric",
                              "name": "Pick_No",
                              "style": {
                                "width": "100%"
                              },
                              "value": "${tblsosalesorder.Pick_No}"
                            }
                          ]
                        }
                      ]
                    },
                    {
                      "type": "row",
                      "style": {
                        "marginBottom": "1rem"
                      },
                      "components": [
                        {
                          "type": "col",
                          "class": "col-md-3",
                          "components": [
                            {
                              "type": "label",
                              "text": "Ship No",
                              "component": "Ship_No",
                              "style": {
                                "width": "100%"
                              }
                            }
                          ]
                        },
                        {
                          "type": "col",
                          "class": "col-md-9",
                          "components": [
                            {
                              "type": "numeric",
                              "name": "Ship_No",
                              "style": {
                                "width": "100%"
                              },
                              "value": "${tblsosalesorder.Ship_No}"
                            }
                          ]
                        }
                      ]
                    },
                    {
                      "type": "row",
                      "style": {
                        "marginBottom": "1rem"
                      },
                      "components": [
                        {
                          "type": "col",
                          "class": "col-md-3",
                          "components": [
                            {
                              "type": "label",
                              "text": "Tax Yn",
                              "component": "TaxYN",
                              "style": {
                                "width": "100%"
                              }
                            }
                          ]
                        },
                        {
                          "type": "col",
                          "class": "col-md-9",
                          "components": [
                            {
                              "type": "checkbox",
                              "name": "TaxYN",
                              "triState": true,
                              "value": "${tblsosalesorder.TaxYN}"
                            }
                          ]
                        }
                      ]
                    },
                    {
                      "type": "row",
                      "style": {
                        "marginBottom": "1rem"
                      },
                      "components": [
                        {
                          "type": "col",
                          "class": "col-md-3",
                          "components": [
                            {
                              "type": "label",
                              "text": "Taxt Rate",
                              "component": "TaxtRate",
                              "style": {
                                "width": "100%"
                              }
                            }
                          ]
                        },
                        {
                          "type": "col",
                          "class": "col-md-9",
                          "components": [
                            {
                              "type": "numeric",
                              "name": "TaxtRate",
                              "style": {
                                "width": "100%"
                              },
                              "value": "${tblsosalesorder.TaxtRate}"
                            }
                          ]
                        }
                      ]
                    },
                    {
                      "type": "row",
                      "style": {
                        "marginBottom": "1rem"
                      },
                      "components": [
                        {
                          "type": "col",
                          "class": "col-md-3",
                          "components": [
                            {
                              "type": "label",
                              "text": "Subtotal",
                              "component": "Subtotal",
                              "style": {
                                "width": "100%"
                              }
                            }
                          ]
                        },
                        {
                          "type": "col",
                          "class": "col-md-9",
                          "components": [
                            {
                              "type": "numeric",
                              "name": "Subtotal",
                              "style": {
                                "width": "100%"
                              },
                              "value": "${tblsosalesorder.Subtotal}"
                            }
                          ]
                        }
                      ]
                    },
                    {
                      "type": "row",
                      "style": {
                        "marginBottom": "1rem"
                      },
                      "components": [
                        {
                          "type": "col",
                          "class": "col-md-3",
                          "components": [
                            {
                              "type": "label",
                              "text": "Taxt Amount",
                              "component": "Taxt_Amount",
                              "style": {
                                "width": "100%"
                              }
                            }
                          ]
                        },
                        {
                          "type": "col",
                          "class": "col-md-9",
                          "components": [
                            {
                              "type": "numeric",
                              "name": "Taxt_Amount",
                              "style": {
                                "width": "100%"
                              },
                              "value": "${tblsosalesorder.Taxt_Amount}"
                            }
                          ]
                        }
                      ]
                    },
                    {
                      "type": "row",
                      "style": {
                        "marginBottom": "1rem"
                      },
                      "components": [
                        {
                          "type": "col",
                          "class": "col-md-3",
                          "components": [
                            {
                              "type": "label",
                              "text": "Discount Amt",
                              "component": "Discount_Amt",
                              "style": {
                                "width": "100%"
                              }
                            }
                          ]
                        },
                        {
                          "type": "col",
                          "class": "col-md-9",
                          "components": [
                            {
                              "type": "numeric",
                              "name": "Discount_Amt",
                              "style": {
                                "width": "100%"
                              },
                              "value": "${tblsosalesorder.Discount_Amt}"
                            }
                          ]
                        }
                      ]
                    },
                    {
                      "type": "row",
                      "style": {
                        "marginBottom": "1rem"
                      },
                      "components": [
                        {
                          "type": "col",
                          "class": "col-md-3",
                          "components": [
                            {
                              "type": "label",
                              "text": "Freight",
                              "component": "Freight",
                              "style": {
                                "width": "100%"
                              }
                            }
                          ]
                        },
                        {
                          "type": "col",
                          "class": "col-md-9",
                          "components": [
                            {
                              "type": "numeric",
                              "name": "Freight",
                              "style": {
                                "width": "100%"
                              },
                              "value": "${tblsosalesorder.Freight}"
                            }
                          ]
                        }
                      ]
                    },
                    {
                      "type": "row",
                      "style": {
                        "marginBottom": "1rem"
                      },
                      "components": [
                        {
                          "type": "col",
                          "class": "col-md-3",
                          "components": [
                            {
                              "type": "label",
                              "text": "Description",
                              "component": "Description",
                              "style": {
                                "width": "100%"
                              }
                            }
                          ]
                        },
                        {
                          "type": "col",
                          "class": "col-md-9",
                          "components": [
                            {
                              "type": "textbox",
                              "name": "Description",
                              "style": {
                                "width": "100%"
                              },
                              "value": "${tblsosalesorder.Description}"
                            }
                          ]
                        }
                      ]
                    },
                    {
                      "type": "row",
                      "style": {
                        "marginBottom": "1rem"
                      },
                      "components": [
                        {
                          "type": "col",
                          "class": "col-md-3",
                          "components": [
                            {
                              "type": "label",
                              "text": "Change Long",
                              "component": "ChangeLong",
                              "style": {
                                "width": "100%"
                              }
                            }
                          ]
                        },
                        {
                          "type": "col",
                          "class": "col-md-9",
                          "components": [
                            {
                              "type": "textbox",
                              "name": "ChangeLong",
                              "style": {
                                "width": "100%"
                              },
                              "value": "${tblsosalesorder.ChangeLong}"
                            }
                          ]
                        }
                      ]
                    },
                    {
                      "type": "row",
                      "style": {
                        "marginBottom": "1rem"
                      },
                      "components": [
                        {
                          "type": "col",
                          "class": "col-md-3",
                          "components": [
                            {
                              "type": "label",
                              "text": "Notes",
                              "component": "Notes",
                              "style": {
                                "width": "100%"
                              }
                            }
                          ]
                        },
                        {
                          "type": "col",
                          "class": "col-md-9",
                          "components": [
                            {
                              "type": "textbox",
                              "name": "Notes",
                              "style": {
                                "width": "100%"
                              },
                              "value": "${tblsosalesorder.Notes}"
                            }
                          ]
                        }
                      ]
                    },
                    {
                      "type": "row",
                      "style": {
                        "marginBottom": "1rem"
                      },
                      "components": [
                        {
                          "type": "col",
                          "class": "col-md-3",
                          "components": [
                            {
                              "type": "label",
                              "text": "Last Updated Date",
                              "component": "LastUpdatedDate",
                              "style": {
                                "width": "100%"
                              }
                            }
                          ]
                        },
                        {
                          "type": "col",
                          "class": "col-md-9",
                          "components": [
                            {
                              "dateFormat": "MM/dd/yyyy",
                              "type": "datepicker",
                              "name": "LastUpdatedDate",
                              "style": {
                                "width": "100%"
                              },
                              "value": "${tblsosalesorder.LastUpdatedDate}"
                            }
                          ]
                        }
                      ]
                    },
                    {
                      "type": "row",
                      "style": {
                        "marginBottom": "1rem"
                      },
                      "components": [
                        {
                          "type": "col",
                          "class": "col-md-3",
                          "components": [
                            {
                              "type": "label",
                              "text": "Last Updated By Fk",
                              "component": "LastUpdatedBy_FK",
                              "style": {
                                "width": "100%"
                              }
                            }
                          ]
                        },
                        {
                          "type": "col",
                          "class": "col-md-9",
                          "components": [
                            {
                              "type": "numeric",
                              "name": "LastUpdatedBy_FK",
                              "style": {
                                "width": "100%"
                              },
                              "value": "${tblsosalesorder.LastUpdatedBy_FK}"
                            }
                          ]
                        }
                      ]
                    },
                    {
                      "type": "row",
                      "style": {
                        "marginBottom": "1rem"
                      },
                      "components": [
                        {
                          "type": "col",
                          "class": "col-md-3",
                          "components": [
                            {
                              "type": "label",
                              "text": "Inactive",
                              "component": "Inactive",
                              "style": {
                                "width": "100%"
                              }
                            }
                          ]
                        },
                        {
                          "type": "col",
                          "class": "col-md-9",
                          "components": [
                            {
                              "type": "checkbox",
                              "name": "Inactive",
                              "triState": true,
                              "value": "${tblsosalesorder.Inactive}"
                            }
                          ]
                        }
                      ]
                    },
                    {
                      "type": "row",
                      "style": {
                        "marginBottom": "1rem"
                      },
                      "components": [
                        {
                          "type": "col",
                          "class": "col-md-3",
                          "components": [
                            {
                              "type": "label",
                              "text": "Sequence",
                              "component": "Sequence",
                              "style": {
                                "width": "100%"
                              }
                            }
                          ]
                        },
                        {
                          "type": "col",
                          "class": "col-md-9",
                          "components": [
                            {
                              "type": "numeric",
                              "name": "Sequence",
                              "style": {
                                "width": "100%"
                              },
                              "value": "${tblsosalesorder.Sequence}"
                            }
                          ]
                        }
                      ]
                    },
                    {
                      "type": "row",
                      "components": [
                        {
                          "type": "col",
                          "class": "col offset-sm-3",
                          "components": [
                            {
                              "type": "button",
                              "buttonType": "submit",
                              "icon": "save",
                              "text": "Save",
                              "buttonStyle": "primary"
                            },
                            {
                              "type": "button",
                              "buttonStyle": "light",
                              "text": "Cancel",
                              "events": {
                                "click": [
                                  {
                                    "type": "close-popup"
                                  }
                                ]
                              }
                            }
                          ]
                        }
                      ]
                    }
                  ],
                  "events": {
                    "submit": [
                      {
                        "error": [
                          {
                            "detail": "Unable to create new TblSoSalesOrder!",
                            "severity": "error",
                            "summary": "Error",
                            "type": "notify"
                          }
                        ],
                        "name": "CanERP_DB_AT132.createTblSoSalesOrder",
                        "parameters": [
                          {
                            "name": "TblSoSalesOrder",
                            "value": "${tblsosalesorder}"
                          }
                        ],
                        "then": [
                          {
                            "type": "close-popup",
                            "result": "${tblsosalesorder}"
                          }
                        ],
                        "type": "invoke",
                        "argType": "ErpCan.Models.CanErpDbAt132.TblSoSalesOrder"
                      }
                    ]
                  },
                  "data": "${tblsosalesorder}",
                  "visible": "${tblsosalesorder != null}",
                  "itemType": "ErpCan.Models.CanErpDbAt132.TblSoSalesOrder"
                }
              ]
            }
          ]
        }
      ]
    }
  ],
  "events": {
    "load": [
      {
        "name": "CanERP_DB_AT132.getTblSoOrderStatuses",
        "parameters": [],
        "then": [
          {
            "name": "getTblSoOrderStatusesResult",
            "type": "set",
            "value": "${result}",
            "valueType": "IEnumerable<ErpCan.Models.CanErpDbAt132.TblSoOrderStatus>"
          }
        ],
        "type": "invoke"
      },
      {
        "name": "CanERP_DB_AT132.getTblSoCustomers",
        "parameters": [],
        "then": [
          {
            "name": "getTblSoCustomersResult",
            "type": "set",
            "value": "${result}",
            "valueType": "IEnumerable<ErpCan.Models.CanErpDbAt132.TblSoCustomer>"
          }
        ],
        "type": "invoke"
      },
      {
        "name": "CanERP_DB_AT132.getTblGnShipVia",
        "parameters": [],
        "then": [
          {
            "name": "getTblGnShipViaResult",
            "type": "set",
            "value": "${result}",
            "valueType": "IEnumerable<ErpCan.Models.CanErpDbAt132.TblGnShipVium>"
          }
        ],
        "type": "invoke"
      },
      {
        "name": "CanERP_DB_AT132.getTblGnPaymentTerms",
        "parameters": [],
        "then": [
          {
            "name": "getTblGnPaymentTermsResult",
            "type": "set",
            "value": "${result}",
            "valueType": "IEnumerable<ErpCan.Models.CanErpDbAt132.TblGnPaymentTerm>"
          }
        ],
        "type": "invoke"
      },
      {
        "name": "CanERP_DB_AT132.getTblGnPaymentTypes",
        "parameters": [],
        "then": [
          {
            "name": "getTblGnPaymentTypesResult",
            "type": "set",
            "value": "${result}",
            "valueType": "IEnumerable<ErpCan.Models.CanErpDbAt132.TblGnPaymentType>"
          }
        ],
        "type": "invoke"
      },
      {
        "name": "tblsosalesorder",
        "type": "set",
        "value": "new ErpCan.Models.CanErpDbAt132.TblSoSalesOrder()",
        "valueType": "ErpCan.Models.CanErpDbAt132.TblSoSalesOrder"
      }
    ]
  },
  "name": "Add Tbl So Sales Order",
  "layout": "Main"
}