{
  "components": [
    {
      "type": "content",
      "container": "contentContainer0",
      "components": [
        {
          "type": "row",
          "components": [
            {
              "type": "col",
              "class": "col-md-12",
              "components": [
                {
                  "type": "template-form",
                  "name": "form0",
                  "components": [
                    {
                      "type": "row",
                      "style": {
                        "marginBottom": "1rem"
                      },
                      "components": [
                        {
                          "type": "col",
                          "class": "col-md-3",
                          "components": [
                            {
                              "type": "label",
                              "text": "Rr No",
                              "component": "RR_No",
                              "style": {
                                "width": "100%"
                              }
                            }
                          ]
                        },
                        {
                          "type": "col",
                          "class": "col-md-9",
                          "components": [
                            {
                              "maxLength": 15,
                              "type": "textbox",
                              "name": "RR_No",
                              "style": {
                                "display": "block",
                                "width": "100%"
                              },
                              "value": "${tblporecreport.RR_No}"
                            },
                            {
                              "type": "required-validator",
                              "name": "RR_NoRequiredValidator",
                              "component": "RR_No",
                              "text": "RR_No is required",
                              "style": {
                                "position": "absolute"
                              }
                            }
                          ]
                        }
                      ]
                    },
                    {
                      "type": "row",
                      "style": {
                        "marginBottom": "1rem"
                      },
                      "components": [
                        {
                          "type": "col",
                          "class": "col-md-3",
                          "components": [
                            {
                              "type": "label",
                              "text": "Rr Date",
                              "component": "RRDate",
                              "style": {
                                "width": "100%"
                              }
                            }
                          ]
                        },
                        {
                          "type": "col",
                          "class": "col-md-9",
                          "components": [
                            {
                              "dateFormat": "MM/dd/yyyy",
                              "type": "datepicker",
                              "name": "RRDate",
                              "style": {
                                "width": "100%"
                              },
                              "value": "${tblporecreport.RRDate}"
                            }
                          ]
                        }
                      ]
                    },
                    {
                      "type": "row",
                      "style": {
                        "marginBottom": "1rem"
                      },
                      "components": [
                        {
                          "type": "col",
                          "class": "col-md-3",
                          "components": [
                            {
                              "type": "label",
                              "text": "Tbl Gn Address Book",
                              "component": "CreatedBy_FK",
                              "style": {
                                "width": "100%"
                              }
                            }
                          ]
                        },
                        {
                          "type": "col",
                          "class": "col-md-9",
                          "components": [
                            {
                              "data": "${getTblGnAddressBooksResult}",
                              "textProperty": "AddressBook_ID",
                              "valueProperty": "AddressBook_SEQ",
                              "placeholder": "Choose TblGnAddressBook",
                              "type": "dropdown",
                              "name": "CreatedBy_FK",
                              "style": {
                                "width": "100%"
                              },
                              "value": "${tblporecreport.CreatedBy_FK}"
                            }
                          ]
                        }
                      ]
                    },
                    {
                      "type": "row",
                      "style": {
                        "marginBottom": "1rem"
                      },
                      "components": [
                        {
                          "type": "col",
                          "class": "col-md-3",
                          "components": [
                            {
                              "type": "label",
                              "text": "Po Id",
                              "component": "PO_ID",
                              "style": {
                                "width": "100%"
                              }
                            }
                          ]
                        },
                        {
                          "type": "col",
                          "class": "col-md-9",
                          "components": [
                            {
                              "maxLength": 15,
                              "type": "textbox",
                              "name": "PO_ID",
                              "style": {
                                "width": "100%"
                              },
                              "value": "${tblporecreport.PO_ID}"
                            }
                          ]
                        }
                      ]
                    },
                    {
                      "type": "row",
                      "style": {
                        "marginBottom": "1rem"
                      },
                      "components": [
                        {
                          "type": "col",
                          "class": "col-md-3",
                          "components": [
                            {
                              "type": "label",
                              "text": "Po Status Fk",
                              "component": "POStatus_FK",
                              "style": {
                                "width": "100%"
                              }
                            }
                          ]
                        },
                        {
                          "type": "col",
                          "class": "col-md-9",
                          "components": [
                            {
                              "type": "numeric",
                              "name": "POStatus_FK",
                              "style": {
                                "width": "100%"
                              },
                              "value": "${tblporecreport.POStatus_FK}"
                            }
                          ]
                        }
                      ]
                    },
                    {
                      "type": "row",
                      "style": {
                        "marginBottom": "1rem"
                      },
                      "components": [
                        {
                          "type": "col",
                          "class": "col-md-3",
                          "components": [
                            {
                              "type": "label",
                              "text": "Po Date",
                              "component": "PODate",
                              "style": {
                                "width": "100%"
                              }
                            }
                          ]
                        },
                        {
                          "type": "col",
                          "class": "col-md-9",
                          "components": [
                            {
                              "dateFormat": "MM/dd/yyyy",
                              "type": "datepicker",
                              "name": "PODate",
                              "style": {
                                "width": "100%"
                              },
                              "value": "${tblporecreport.PODate}"
                            }
                          ]
                        }
                      ]
                    },
                    {
                      "type": "row",
                      "style": {
                        "marginBottom": "1rem"
                      },
                      "components": [
                        {
                          "type": "col",
                          "class": "col-md-3",
                          "components": [
                            {
                              "type": "label",
                              "text": "Tbl Po Vendor",
                              "component": "Vendor_FK",
                              "style": {
                                "width": "100%"
                              }
                            }
                          ]
                        },
                        {
                          "type": "col",
                          "class": "col-md-9",
                          "components": [
                            {
                              "data": "${getTblPoVendorsResult}",
                              "textProperty": "LastName",
                              "valueProperty": "Vendor_ID",
                              "placeholder": "Choose TblPoVendor",
                              "type": "dropdown",
                              "name": "Vendor_FK",
                              "style": {
                                "width": "100%"
                              },
                              "value": "${tblporecreport.Vendor_FK}"
                            }
                          ]
                        }
                      ]
                    },
                    {
                      "type": "row",
                      "style": {
                        "marginBottom": "1rem"
                      },
                      "components": [
                        {
                          "type": "col",
                          "class": "col-md-3",
                          "components": [
                            {
                              "type": "label",
                              "text": "Description",
                              "component": "Description",
                              "style": {
                                "width": "100%"
                              }
                            }
                          ]
                        },
                        {
                          "type": "col",
                          "class": "col-md-9",
                          "components": [
                            {
                              "maxLength": 150,
                              "type": "textbox",
                              "name": "Description",
                              "style": {
                                "width": "100%"
                              },
                              "value": "${tblporecreport.Description}"
                            }
                          ]
                        }
                      ]
                    },
                    {
                      "type": "row",
                      "style": {
                        "marginBottom": "1rem"
                      },
                      "components": [
                        {
                          "type": "col",
                          "class": "col-md-3",
                          "components": [
                            {
                              "type": "label",
                              "text": "Invoice No",
                              "component": "Invoice_No",
                              "style": {
                                "width": "100%"
                              }
                            }
                          ]
                        },
                        {
                          "type": "col",
                          "class": "col-md-9",
                          "components": [
                            {
                              "maxLength": 15,
                              "type": "textbox",
                              "name": "Invoice_No",
                              "style": {
                                "width": "100%"
                              },
                              "value": "${tblporecreport.Invoice_No}"
                            }
                          ]
                        }
                      ]
                    },
                    {
                      "type": "row",
                      "style": {
                        "marginBottom": "1rem"
                      },
                      "components": [
                        {
                          "type": "col",
                          "class": "col-md-3",
                          "components": [
                            {
                              "type": "label",
                              "text": "Invoice Date",
                              "component": "Invoice_Date",
                              "style": {
                                "width": "100%"
                              }
                            }
                          ]
                        },
                        {
                          "type": "col",
                          "class": "col-md-9",
                          "components": [
                            {
                              "dateFormat": "MM/dd/yyyy",
                              "type": "datepicker",
                              "name": "Invoice_Date",
                              "style": {
                                "width": "100%"
                              },
                              "value": "${tblporecreport.Invoice_Date}"
                            }
                          ]
                        }
                      ]
                    },
                    {
                      "type": "row",
                      "style": {
                        "marginBottom": "1rem"
                      },
                      "components": [
                        {
                          "type": "col",
                          "class": "col-md-3",
                          "components": [
                            {
                              "type": "label",
                              "text": "Ship No",
                              "component": "Ship_No",
                              "style": {
                                "width": "100%"
                              }
                            }
                          ]
                        },
                        {
                          "type": "col",
                          "class": "col-md-9",
                          "components": [
                            {
                              "maxLength": 6,
                              "type": "textbox",
                              "name": "Ship_No",
                              "style": {
                                "width": "100%"
                              },
                              "value": "${tblporecreport.Ship_No}"
                            }
                          ]
                        }
                      ]
                    },
                    {
                      "type": "row",
                      "style": {
                        "marginBottom": "1rem"
                      },
                      "components": [
                        {
                          "type": "col",
                          "class": "col-md-3",
                          "components": [
                            {
                              "type": "label",
                              "text": "Ship Date",
                              "component": "Ship_Date",
                              "style": {
                                "width": "100%"
                              }
                            }
                          ]
                        },
                        {
                          "type": "col",
                          "class": "col-md-9",
                          "components": [
                            {
                              "dateFormat": "MM/dd/yyyy",
                              "type": "datepicker",
                              "name": "Ship_Date",
                              "style": {
                                "width": "100%"
                              },
                              "value": "${tblporecreport.Ship_Date}"
                            }
                          ]
                        }
                      ]
                    },
                    {
                      "type": "row",
                      "style": {
                        "marginBottom": "1rem"
                      },
                      "components": [
                        {
                          "type": "col",
                          "class": "col-md-3",
                          "components": [
                            {
                              "type": "label",
                              "text": "Receiver Fk",
                              "component": "Receiver_FK",
                              "style": {
                                "width": "100%"
                              }
                            }
                          ]
                        },
                        {
                          "type": "col",
                          "class": "col-md-9",
                          "components": [
                            {
                              "type": "numeric",
                              "name": "Receiver_FK",
                              "style": {
                                "width": "100%"
                              },
                              "value": "${tblporecreport.Receiver_FK}"
                            }
                          ]
                        }
                      ]
                    },
                    {
                      "type": "row",
                      "style": {
                        "marginBottom": "1rem"
                      },
                      "components": [
                        {
                          "type": "col",
                          "class": "col-md-3",
                          "components": [
                            {
                              "type": "label",
                              "text": "Bill Of Loading No",
                              "component": "BillOf_Loading_No",
                              "style": {
                                "width": "100%"
                              }
                            }
                          ]
                        },
                        {
                          "type": "col",
                          "class": "col-md-9",
                          "components": [
                            {
                              "maxLength": 7,
                              "type": "textbox",
                              "name": "BillOf_Loading_No",
                              "style": {
                                "width": "100%"
                              },
                              "value": "${tblporecreport.BillOf_Loading_No}"
                            }
                          ]
                        }
                      ]
                    },
                    {
                      "type": "row",
                      "style": {
                        "marginBottom": "1rem"
                      },
                      "components": [
                        {
                          "type": "col",
                          "class": "col-md-3",
                          "components": [
                            {
                              "type": "label",
                              "text": "Po Amount",
                              "component": "PO_Amount",
                              "style": {
                                "width": "100%"
                              }
                            }
                          ]
                        },
                        {
                          "type": "col",
                          "class": "col-md-9",
                          "components": [
                            {
                              "type": "numeric",
                              "name": "PO_Amount",
                              "style": {
                                "width": "100%"
                              },
                              "value": "${tblporecreport.PO_Amount}"
                            }
                          ]
                        }
                      ]
                    },
                    {
                      "type": "row",
                      "style": {
                        "marginBottom": "1rem"
                      },
                      "components": [
                        {
                          "type": "col",
                          "class": "col-md-3",
                          "components": [
                            {
                              "type": "label",
                              "text": "Inactive",
                              "component": "Inactive",
                              "style": {
                                "width": "100%"
                              }
                            }
                          ]
                        },
                        {
                          "type": "col",
                          "class": "col-md-9",
                          "components": [
                            {
                              "type": "checkbox",
                              "name": "Inactive",
                              "triState": true,
                              "value": "${tblporecreport.Inactive}"
                            }
                          ]
                        }
                      ]
                    },
                    {
                      "type": "row",
                      "style": {
                        "marginBottom": "1rem"
                      },
                      "components": [
                        {
                          "type": "col",
                          "class": "col-md-3",
                          "components": [
                            {
                              "type": "label",
                              "text": "Warhoused",
                              "component": "Warhoused",
                              "style": {
                                "width": "100%"
                              }
                            }
                          ]
                        },
                        {
                          "type": "col",
                          "class": "col-md-9",
                          "components": [
                            {
                              "type": "checkbox",
                              "name": "Warhoused",
                              "triState": true,
                              "value": "${tblporecreport.Warhoused}"
                            }
                          ]
                        }
                      ]
                    },
                    {
                      "type": "row",
                      "components": [
                        {
                          "type": "col",
                          "class": "col offset-sm-3",
                          "components": [
                            {
                              "type": "button",
                              "buttonType": "submit",
                              "icon": "save",
                              "text": "Save",
                              "buttonStyle": "primary"
                            },
                            {
                              "type": "button",
                              "buttonStyle": "light",
                              "text": "Cancel",
                              "events": {
                                "click": [
                                  {
                                    "type": "close-popup"
                                  }
                                ]
                              }
                            }
                          ]
                        }
                      ]
                    }
                  ],
                  "events": {
                    "submit": [
                      {
                        "error": [
                          {
                            "detail": "Unable to create new TblPoRecReport!",
                            "severity": "error",
                            "summary": "Error",
                            "type": "notify"
                          }
                        ],
                        "name": "CanERP_DB_AT132.createTblPoRecReport",
                        "parameters": [
                          {
                            "name": "TblPoRecReport",
                            "value": "${tblporecreport}"
                          }
                        ],
                        "then": [
                          {
                            "type": "close-popup",
                            "result": "${tblporecreport}"
                          }
                        ],
                        "type": "invoke",
                        "argType": "ErpCan.Models.CanErpDbAt132.TblPoRecReport"
                      }
                    ]
                  },
                  "data": "${tblporecreport}",
                  "visible": "${tblporecreport != null}",
                  "itemType": "ErpCan.Models.CanErpDbAt132.TblPoRecReport"
                }
              ]
            }
          ]
        }
      ]
    }
  ],
  "events": {
    "load": [
      {
        "name": "CanERP_DB_AT132.getTblGnAddressBooks",
        "parameters": [],
        "then": [
          {
            "name": "getTblGnAddressBooksResult",
            "type": "set",
            "value": "${result}",
            "valueType": "IEnumerable<ErpCan.Models.CanErpDbAt132.TblGnAddressBook>"
          }
        ],
        "type": "invoke"
      },
      {
        "name": "CanERP_DB_AT132.getTblPoVendors",
        "parameters": [],
        "then": [
          {
            "name": "getTblPoVendorsResult",
            "type": "set",
            "value": "${result}",
            "valueType": "IEnumerable<ErpCan.Models.CanErpDbAt132.TblPoVendor>"
          }
        ],
        "type": "invoke"
      },
      {
        "name": "tblporecreport",
        "type": "set",
        "value": "new ErpCan.Models.CanErpDbAt132.TblPoRecReport()",
        "valueType": "ErpCan.Models.CanErpDbAt132.TblPoRecReport"
      }
    ]
  },
  "name": "Add Tbl Po Rec Report",
  "layout": "Main"
}