{
  "components": [
    {
      "type": "content",
      "container": "contentContainer0",
      "components": [
        {
          "type": "row",
          "components": [
            {
              "type": "col",
              "class": "col-md-12",
              "components": [
                {
                  "type": "template-form",
                  "name": "form0",
                  "components": [
                    {
                      "type": "row",
                      "style": {
                        "marginBottom": "1rem"
                      },
                      "components": [
                        {
                          "type": "col",
                          "class": "col-md-3",
                          "components": [
                            {
                              "type": "label",
                              "text": "Transaction Id",
                              "component": "Transaction_ID",
                              "style": {
                                "width": "100%"
                              }
                            }
                          ]
                        },
                        {
                          "type": "col",
                          "class": "col-md-9",
                          "components": [
                            {
                              "maxLength": 2,
                              "type": "textbox",
                              "name": "Transaction_ID",
                              "style": {
                                "display": "block",
                                "width": "100%"
                              },
                              "value": "${tblictransactiontype.Transaction_ID}"
                            },
                            {
                              "type": "required-validator",
                              "name": "Transaction_IDRequiredValidator",
                              "component": "Transaction_ID",
                              "text": "Transaction_ID is required",
                              "style": {
                                "position": "absolute"
                              }
                            }
                          ]
                        }
                      ]
                    },
                    {
                      "type": "row",
                      "style": {
                        "marginBottom": "1rem"
                      },
                      "components": [
                        {
                          "type": "col",
                          "class": "col-md-3",
                          "components": [
                            {
                              "type": "label",
                              "text": "Transaction Name",
                              "component": "Transaction_Name",
                              "style": {
                                "width": "100%"
                              }
                            }
                          ]
                        },
                        {
                          "type": "col",
                          "class": "col-md-9",
                          "components": [
                            {
                              "maxLength": 70,
                              "type": "textbox",
                              "name": "Transaction_Name",
                              "style": {
                                "width": "100%"
                              },
                              "value": "${tblictransactiontype.Transaction_Name}"
                            }
                          ]
                        }
                      ]
                    },
                    {
                      "type": "row",
                      "style": {
                        "marginBottom": "1rem"
                      },
                      "components": [
                        {
                          "type": "col",
                          "class": "col-md-3",
                          "components": [
                            {
                              "type": "label",
                              "text": "Description",
                              "component": "Description",
                              "style": {
                                "width": "100%"
                              }
                            }
                          ]
                        },
                        {
                          "type": "col",
                          "class": "col-md-9",
                          "components": [
                            {
                              "maxLength": 250,
                              "type": "textbox",
                              "name": "Description",
                              "style": {
                                "width": "100%"
                              },
                              "value": "${tblictransactiontype.Description}"
                            }
                          ]
                        }
                      ]
                    },
                    {
                      "type": "row",
                      "components": [
                        {
                          "type": "col",
                          "class": "col offset-sm-3",
                          "components": [
                            {
                              "type": "button",
                              "buttonType": "submit",
                              "icon": "save",
                              "text": "Save",
                              "buttonStyle": "primary"
                            },
                            {
                              "type": "button",
                              "buttonStyle": "light",
                              "text": "Cancel",
                              "events": {
                                "click": [
                                  {
                                    "type": "close-popup"
                                  }
                                ]
                              }
                            }
                          ]
                        }
                      ]
                    }
                  ],
                  "events": {
                    "submit": []
                  },
                  "data": "${tblictransactiontype}",
                  "visible": "${tblictransactiontype != null}",
                  "itemType": "ErpCan.Models.CanErpDbAt132.TblIcTransactionType"
                }
              ]
            }
          ]
        }
      ]
    }
  ],
  "events": {
    "load": [
      {
        "name": "tblictransactiontype",
        "type": "set",
        "value": "new ErpCan.Models.CanErpDbAt132.TblIcTransactionType()",
        "valueType": "ErpCan.Models.CanErpDbAt132.TblIcTransactionType"
      }
    ]
  },
  "name": "Add Tbl Ic Transaction Type",
  "layout": "Main"
}