{
  "components": [
    {
      "type": "content",
      "container": "contentContainer0",
      "components": [
        {
          "type": "row",
          "components": [
            {
              "type": "col",
              "class": "col-md-12",
              "components": [
                {
                  "type": "template-form",
                  "name": "form0",
                  "components": [
                    {
                      "type": "row",
                      "style": {
                        "marginBottom": "1rem"
                      },
                      "components": [
                        {
                          "type": "col",
                          "class": "col-md-3",
                          "components": [
                            {
                              "type": "label",
                              "text": "Po Cash Disb No",
                              "component": "PO_CashDisb_No",
                              "style": {
                                "width": "100%"
                              }
                            }
                          ]
                        },
                        {
                          "type": "col",
                          "class": "col-md-9",
                          "components": [
                            {
                              "maxLength": 10,
                              "type": "textbox",
                              "name": "PO_CashDisb_No",
                              "style": {
                                "display": "block",
                                "width": "100%"
                              },
                              "value": "${tblpocashdisbursement.PO_CashDisb_No}"
                            },
                            {
                              "type": "required-validator",
                              "name": "PO_CashDisb_NoRequiredValidator",
                              "component": "PO_CashDisb_No",
                              "text": "PO_CashDisb_No is required",
                              "style": {
                                "position": "absolute"
                              }
                            }
                          ]
                        }
                      ]
                    },
                    {
                      "type": "row",
                      "style": {
                        "marginBottom": "1rem"
                      },
                      "components": [
                        {
                          "type": "col",
                          "class": "col-md-3",
                          "components": [
                            {
                              "type": "label",
                              "text": "Po Cash Disb Date",
                              "component": "PO_CashDisb_Date",
                              "style": {
                                "width": "100%"
                              }
                            }
                          ]
                        },
                        {
                          "type": "col",
                          "class": "col-md-9",
                          "components": [
                            {
                              "dateFormat": "MM/dd/yyyy",
                              "type": "datepicker",
                              "name": "PO_CashDisb_Date",
                              "style": {
                                "width": "100%"
                              },
                              "value": "${tblpocashdisbursement.PO_CashDisb_Date}"
                            }
                          ]
                        }
                      ]
                    },
                    {
                      "type": "row",
                      "style": {
                        "marginBottom": "1rem"
                      },
                      "components": [
                        {
                          "type": "col",
                          "class": "col-md-3",
                          "components": [
                            {
                              "type": "label",
                              "text": "Tbl Gn Address Book",
                              "component": "Customer_FK",
                              "style": {
                                "width": "100%"
                              }
                            }
                          ]
                        },
                        {
                          "type": "col",
                          "class": "col-md-9",
                          "components": [
                            {
                              "textProperty": "AddressBook_ID",
                              "valueProperty": "AddressBook_SEQ",
                              "placeholder": "Choose TblGnAddressBook",
                              "type": "dropdown",
                              "name": "Customer_FK",
                              "style": {
                                "width": "100%"
                              },
                              "value": "${tblpocashdisbursement.Customer_FK}"
                            }
                          ]
                        }
                      ]
                    },
                    {
                      "type": "row",
                      "style": {
                        "marginBottom": "1rem"
                      },
                      "components": [
                        {
                          "type": "col",
                          "class": "col-md-3",
                          "components": [
                            {
                              "type": "label",
                              "text": "Description",
                              "component": "Description",
                              "style": {
                                "width": "100%"
                              }
                            }
                          ]
                        },
                        {
                          "type": "col",
                          "class": "col-md-9",
                          "components": [
                            {
                              "maxLength": 150,
                              "type": "textbox",
                              "name": "Description",
                              "style": {
                                "width": "100%"
                              },
                              "value": "${tblpocashdisbursement.Description}"
                            }
                          ]
                        }
                      ]
                    },
                    {
                      "type": "row",
                      "style": {
                        "marginBottom": "1rem"
                      },
                      "components": [
                        {
                          "type": "col",
                          "class": "col-md-3",
                          "components": [
                            {
                              "type": "label",
                              "text": "Disbursement Type",
                              "component": "Disbursement_Type",
                              "style": {
                                "width": "100%"
                              }
                            }
                          ]
                        },
                        {
                          "type": "col",
                          "class": "col-md-9",
                          "components": [
                            {
                              "maxLength": 2,
                              "type": "textbox",
                              "name": "Disbursement_Type",
                              "style": {
                                "display": "block",
                                "width": "100%"
                              },
                              "value": "${tblpocashdisbursement.Disbursement_Type}"
                            },
                            {
                              "type": "required-validator",
                              "name": "Disbursement_TypeRequiredValidator",
                              "component": "Disbursement_Type",
                              "text": "Disbursement_Type is required",
                              "style": {
                                "position": "absolute"
                              }
                            }
                          ]
                        }
                      ]
                    },
                    {
                      "type": "row",
                      "style": {
                        "marginBottom": "1rem"
                      },
                      "components": [
                        {
                          "type": "col",
                          "class": "col-md-3",
                          "components": [
                            {
                              "type": "label",
                              "text": "Gross Invt Amt",
                              "component": "Gross_Invt_Amt",
                              "style": {
                                "width": "100%"
                              }
                            }
                          ]
                        },
                        {
                          "type": "col",
                          "class": "col-md-9",
                          "components": [
                            {
                              "type": "numeric",
                              "name": "Gross_Invt_Amt",
                              "style": {
                                "width": "100%"
                              },
                              "value": "${tblpocashdisbursement.Gross_Invt_Amt}"
                            }
                          ]
                        }
                      ]
                    },
                    {
                      "type": "row",
                      "style": {
                        "marginBottom": "1rem"
                      },
                      "components": [
                        {
                          "type": "col",
                          "class": "col-md-3",
                          "components": [
                            {
                              "type": "label",
                              "text": "Discount Invt Amt",
                              "component": "Discount_Invt_Amt",
                              "style": {
                                "width": "100%"
                              }
                            }
                          ]
                        },
                        {
                          "type": "col",
                          "class": "col-md-9",
                          "components": [
                            {
                              "type": "numeric",
                              "name": "Discount_Invt_Amt",
                              "style": {
                                "width": "100%"
                              },
                              "value": "${tblpocashdisbursement.Discount_Invt_Amt}"
                            }
                          ]
                        }
                      ]
                    },
                    {
                      "type": "row",
                      "style": {
                        "marginBottom": "1rem"
                      },
                      "components": [
                        {
                          "type": "col",
                          "class": "col-md-3",
                          "components": [
                            {
                              "type": "label",
                              "text": "Check No",
                              "component": "Check_No",
                              "style": {
                                "width": "100%"
                              }
                            }
                          ]
                        },
                        {
                          "type": "col",
                          "class": "col-md-9",
                          "components": [
                            {
                              "maxLength": 15,
                              "type": "textbox",
                              "name": "Check_No",
                              "style": {
                                "display": "block",
                                "width": "100%"
                              },
                              "value": "${tblpocashdisbursement.Check_No}"
                            },
                            {
                              "type": "required-validator",
                              "name": "Check_NoRequiredValidator",
                              "component": "Check_No",
                              "text": "Check_No is required",
                              "style": {
                                "position": "absolute"
                              }
                            }
                          ]
                        }
                      ]
                    },
                    {
                      "type": "row",
                      "style": {
                        "marginBottom": "1rem"
                      },
                      "components": [
                        {
                          "type": "col",
                          "class": "col-md-3",
                          "components": [
                            {
                              "type": "label",
                              "text": "Check Date",
                              "component": "Check_Date",
                              "style": {
                                "width": "100%"
                              }
                            }
                          ]
                        },
                        {
                          "type": "col",
                          "class": "col-md-9",
                          "components": [
                            {
                              "dateFormat": "MM/dd/yyyy",
                              "type": "datepicker",
                              "name": "Check_Date",
                              "style": {
                                "width": "100%"
                              },
                              "value": "${tblpocashdisbursement.Check_Date}"
                            }
                          ]
                        }
                      ]
                    },
                    {
                      "type": "row",
                      "style": {
                        "marginBottom": "1rem"
                      },
                      "components": [
                        {
                          "type": "col",
                          "class": "col-md-3",
                          "components": [
                            {
                              "type": "label",
                              "text": "Check Amount",
                              "component": "Check_Amount",
                              "style": {
                                "width": "100%"
                              }
                            }
                          ]
                        },
                        {
                          "type": "col",
                          "class": "col-md-9",
                          "components": [
                            {
                              "type": "numeric",
                              "name": "Check_Amount",
                              "style": {
                                "width": "100%"
                              },
                              "value": "${tblpocashdisbursement.Check_Amount}"
                            }
                          ]
                        }
                      ]
                    },
                    {
                      "type": "row",
                      "style": {
                        "marginBottom": "1rem"
                      },
                      "components": [
                        {
                          "type": "col",
                          "class": "col-md-3",
                          "components": [
                            {
                              "type": "label",
                              "text": "Debi Account",
                              "component": "DebiAccount",
                              "style": {
                                "width": "100%"
                              }
                            }
                          ]
                        },
                        {
                          "type": "col",
                          "class": "col-md-9",
                          "components": [
                            {
                              "maxLength": 7,
                              "type": "textbox",
                              "name": "DebiAccount",
                              "style": {
                                "width": "100%"
                              },
                              "value": "${tblpocashdisbursement.DebiAccount}"
                            }
                          ]
                        }
                      ]
                    },
                    {
                      "type": "row",
                      "style": {
                        "marginBottom": "1rem"
                      },
                      "components": [
                        {
                          "type": "col",
                          "class": "col-md-3",
                          "components": [
                            {
                              "type": "label",
                              "text": "Credit Account",
                              "component": "CreditAccount",
                              "style": {
                                "width": "100%"
                              }
                            }
                          ]
                        },
                        {
                          "type": "col",
                          "class": "col-md-9",
                          "components": [
                            {
                              "maxLength": 7,
                              "type": "textbox",
                              "name": "CreditAccount",
                              "style": {
                                "width": "100%"
                              },
                              "value": "${tblpocashdisbursement.CreditAccount}"
                            }
                          ]
                        }
                      ]
                    },
                    {
                      "type": "row",
                      "style": {
                        "marginBottom": "1rem"
                      },
                      "components": [
                        {
                          "type": "col",
                          "class": "col-md-3",
                          "components": [
                            {
                              "type": "label",
                              "text": "Payment",
                              "component": "Payment",
                              "style": {
                                "width": "100%"
                              }
                            }
                          ]
                        },
                        {
                          "type": "col",
                          "class": "col-md-9",
                          "components": [
                            {
                              "type": "checkbox",
                              "name": "Payment",
                              "triState": true,
                              "value": "${tblpocashdisbursement.Payment}"
                            }
                          ]
                        }
                      ]
                    },
                    {
                      "type": "row",
                      "components": [
                        {
                          "type": "col",
                          "class": "col offset-sm-3",
                          "components": [
                            {
                              "type": "button",
                              "buttonType": "submit",
                              "icon": "save",
                              "text": "Save",
                              "buttonStyle": "primary"
                            },
                            {
                              "type": "button",
                              "buttonStyle": "light",
                              "text": "Cancel",
                              "events": {
                                "click": [
                                  {
                                    "type": "close-popup"
                                  }
                                ]
                              }
                            }
                          ]
                        }
                      ]
                    }
                  ],
                  "events": {
                    "submit": []
                  },
                  "data": "${tblpocashdisbursement}",
                  "visible": "${tblpocashdisbursement != null}",
                  "itemType": "ErpCan.Models.CanErpDbAt132.TblPoCashDisbursement"
                }
              ]
            }
          ]
        }
      ]
    }
  ],
  "events": {
    "load": [
      {
        "name": "tblpocashdisbursement",
        "type": "set",
        "value": "new ErpCan.Models.CanErpDbAt132.TblPoCashDisbursement()",
        "valueType": "ErpCan.Models.CanErpDbAt132.TblPoCashDisbursement"
      }
    ]
  },
  "name": "Add Tbl Po Cash Disbursement",
  "layout": "Main"
}