{
  "components": [
    {
      "components": [
        {
          "components": [
            {
              "class": "col-md-12",
              "components": [
                {
                  "components": [
                    {
                      "components": [
                        {
                          "class": "col-md-3",
                          "components": [
                            {
                              "component": "AddressBook_ID",
                              "style": {
                                "width": "100%"
                              },
                              "text": "Mã Liên Hệ",
                              "type": "label"
                            }
                          ],
                          "type": "col"
                        },
                        {
                          "class": "col-md-9",
                          "components": [
                            {
                              "maxLength": 10,
                              "name": "AddressBook_ID",
                              "style": {
                                "display": "block",
                                "width": "100%"
                              },
                              "type": "textbox",
                              "value": "${tblgnaddressbook.AddressBook_ID}"
                            },
                            {
                              "component": "AddressBook_ID",
                              "name": "AddressBook_IDRequiredValidator",
                              "style": {
                                "position": "absolute"
                              },
                              "text": "AddressBook_ID is required",
                              "type": "required-validator"
                            }
                          ],
                          "type": "col"
                        }
                      ],
                      "style": {
                        "marginBottom": "1rem"
                      },
                      "type": "row"
                    },
                    {
                      "components": [
                        {
                          "class": "col-md-3",
                          "components": [
                            {
                              "component": "AddressBookType_FK",
                              "style": {
                                "width": "100%"
                              },
                              "text": "Loại Liên Hệ",
                              "type": "label"
                            }
                          ],
                          "type": "col"
                        },
                        {
                          "class": "col-md-9",
                          "components": [
                            {
                              "name": "AddressBookType_FK",
                              "placeholder": "Choose TblGnAddressBookType",
                              "style": {
                                "width": "100%"
                              },
                              "textProperty": "AddressBookTypeText",
                              "type": "dropdown",
                              "value": "${tblgnaddressbook.AddressBookType_FK}",
                              "valueProperty": "AddressBookType_SEQ"
                            }
                          ],
                          "type": "col"
                        }
                      ],
                      "style": {
                        "marginBottom": "1rem"
                      },
                      "type": "row"
                    },
                    {
                      "components": [
                        {
                          "class": "col-md-3",
                          "components": [
                            {
                              "component": "LastName",
                              "style": {
                                "width": "100%"
                              },
                              "text": "Họ",
                              "type": "label"
                            }
                          ],
                          "type": "col"
                        },
                        {
                          "class": "col-md-9",
                          "components": [
                            {
                              "maxLength": 50,
                              "name": "LastName",
                              "style": {
                                "width": "100%"
                              },
                              "type": "textbox",
                              "value": "${tblgnaddressbook.LastName}"
                            }
                          ],
                          "type": "col"
                        }
                      ],
                      "style": {
                        "marginBottom": "1rem"
                      },
                      "type": "row"
                    },
                    {
                      "components": [
                        {
                          "class": "col-md-3",
                          "components": [
                            {
                              "component": "FirstName",
                              "style": {
                                "width": "100%"
                              },
                              "text": "Tên",
                              "type": "label"
                            }
                          ],
                          "type": "col"
                        },
                        {
                          "class": "col-md-9",
                          "components": [
                            {
                              "maxLength": 50,
                              "name": "FirstName",
                              "style": {
                                "width": "100%"
                              },
                              "type": "textbox",
                              "value": "${tblgnaddressbook.FirstName}"
                            }
                          ],
                          "type": "col"
                        }
                      ],
                      "style": {
                        "marginBottom": "1rem"
                      },
                      "type": "row"
                    },
                    {
                      "components": [
                        {
                          "class": "col-md-3",
                          "components": [
                            {
                              "component": "Gender_FK",
                              "style": {
                                "width": "100%"
                              },
                              "text": "Giới Tính",
                              "type": "label"
                            }
                          ],
                          "type": "col"
                        },
                        {
                          "class": "col-md-9",
                          "components": [
                            {
                              "name": "Gender_FK",
                              "placeholder": "Choose TblGnGender",
                              "style": {
                                "width": "100%"
                              },
                              "textProperty": "Gender_ID",
                              "type": "dropdown",
                              "value": "${tblgnaddressbook.Gender_FK}",
                              "valueProperty": "Gender_SEQ"
                            }
                          ],
                          "type": "col"
                        }
                      ],
                      "style": {
                        "marginBottom": "1rem"
                      },
                      "type": "row"
                    },
                    {
                      "components": [
                        {
                          "class": "col-md-3",
                          "components": [
                            {
                              "component": "DOB",
                              "style": {
                                "width": "100%"
                              },
                              "text": "Sinh Nhật",
                              "type": "label"
                            }
                          ],
                          "type": "col"
                        },
                        {
                          "class": "col-md-9",
                          "components": [
                            {
                              "dateFormat": "MM/dd/yyyy",
                              "name": "DOB",
                              "style": {
                                "width": "100%"
                              },
                              "type": "datepicker",
                              "value": "${tblgnaddressbook.DOB}"
                            }
                          ],
                          "type": "col"
                        }
                      ],
                      "style": {
                        "marginBottom": "1rem"
                      },
                      "type": "row"
                    },
                    {
                      "components": [
                        {
                          "class": "col-md-3",
                          "components": [
                            {
                              "component": "Origin",
                              "style": {
                                "width": "100%"
                              },
                              "text": "Nguyên Quán",
                              "type": "label"
                            }
                          ],
                          "type": "col"
                        },
                        {
                          "class": "col-md-9",
                          "components": [
                            {
                              "maxLength": 50,
                              "name": "Origin",
                              "style": {
                                "width": "100%"
                              },
                              "type": "textbox",
                              "value": "${tblgnaddressbook.Origin}"
                            }
                          ],
                          "type": "col"
                        }
                      ],
                      "style": {
                        "marginBottom": "1rem"
                      },
                      "type": "row"
                    },
                    {
                      "components": [
                        {
                          "class": "col-md-3",
                          "components": [
                            {
                              "component": "IDNumber",
                              "style": {
                                "width": "100%"
                              },
                              "text": "Số CMND / Căn Cước",
                              "type": "label"
                            }
                          ],
                          "type": "col"
                        },
                        {
                          "class": "col-md-9",
                          "components": [
                            {
                              "maxLength": 20,
                              "name": "IDNumber",
                              "style": {
                                "width": "100%"
                              },
                              "type": "textbox",
                              "value": "${tblgnaddressbook.IDNumber}"
                            }
                          ],
                          "type": "col"
                        }
                      ],
                      "style": {
                        "marginBottom": "1rem"
                      },
                      "type": "row"
                    },
                    {
                      "components": [
                        {
                          "class": "col-md-3",
                          "components": [
                            {
                              "component": "TaxIDNumber",
                              "style": {
                                "width": "100%"
                              },
                              "text": "MST Cá Nhân",
                              "type": "label"
                            }
                          ],
                          "type": "col"
                        },
                        {
                          "class": "col-md-9",
                          "components": [
                            {
                              "maxLength": 10,
                              "name": "TaxIDNumber",
                              "style": {
                                "width": "100%"
                              },
                              "type": "textbox",
                              "value": "${tblgnaddressbook.TaxIDNumber}"
                            }
                          ],
                          "type": "col"
                        }
                      ],
                      "style": {
                        "marginBottom": "1rem"
                      },
                      "type": "row"
                    },
                    {
                      "components": [
                        {
                          "class": "col-md-3",
                          "components": [
                            {
                              "component": "OrganizationName",
                              "style": {
                                "width": "100%"
                              },
                              "text": "Tên Công Ty",
                              "type": "label"
                            }
                          ],
                          "type": "col"
                        },
                        {
                          "class": "col-md-9",
                          "components": [
                            {
                              "maxLength": 100,
                              "name": "OrganizationName",
                              "style": {
                                "width": "100%"
                              },
                              "type": "textbox",
                              "value": "${tblgnaddressbook.OrganizationName}"
                            }
                          ],
                          "type": "col"
                        }
                      ],
                      "style": {
                        "marginBottom": "1rem"
                      },
                      "type": "row"
                    },
                    {
                      "components": [
                        {
                          "class": "col-md-3",
                          "components": [
                            {
                              "component": "JobPosition",
                              "style": {
                                "width": "100%"
                              },
                              "text": "Chức Vụ",
                              "type": "label"
                            }
                          ],
                          "type": "col"
                        },
                        {
                          "class": "col-md-9",
                          "components": [
                            {
                              "maxLength": 50,
                              "name": "JobPosition",
                              "style": {
                                "width": "100%"
                              },
                              "type": "textbox",
                              "value": "${tblgnaddressbook.JobPosition}"
                            }
                          ],
                          "type": "col"
                        }
                      ],
                      "style": {
                        "marginBottom": "1rem"
                      },
                      "type": "row"
                    },
                    {
                      "components": [
                        {
                          "class": "col-md-3",
                          "components": [
                            {
                              "component": "Address",
                              "style": {
                                "width": "100%"
                              },
                              "text": "Địa Chỉ",
                              "type": "label"
                            }
                          ],
                          "type": "col"
                        },
                        {
                          "class": "col-md-9",
                          "components": [
                            {
                              "maxLength": 100,
                              "name": "Address",
                              "style": {
                                "width": "100%"
                              },
                              "type": "textbox",
                              "value": "${tblgnaddressbook.Address}"
                            }
                          ],
                          "type": "col"
                        }
                      ],
                      "style": {
                        "marginBottom": "1rem"
                      },
                      "type": "row"
                    },
                    {
                      "components": [
                        {
                          "class": "col-md-3",
                          "components": [
                            {
                              "component": "City_FK",
                              "style": {
                                "width": "100%"
                              },
                              "text": "Thành Phố",
                              "type": "label"
                            }
                          ],
                          "type": "col"
                        },
                        {
                          "class": "col-md-9",
                          "components": [
                            {
                              "name": "City_FK",
                              "placeholder": "Choose TblGnCity",
                              "style": {
                                "width": "100%"
                              },
                              "textProperty": "City_ID",
                              "type": "dropdown",
                              "value": "${tblgnaddressbook.City_FK}",
                              "valueProperty": "City_SEQ"
                            }
                          ],
                          "type": "col"
                        }
                      ],
                      "style": {
                        "marginBottom": "1rem"
                      },
                      "type": "row"
                    },
                    {
                      "components": [
                        {
                          "class": "col offset-sm-3",
                          "components": [
                            {
                              "buttonStyle": "primary",
                              "buttonType": "submit",
                              "icon": "save",
                              "text": "Save",
                              "type": "button"
                            },
                            {
                              "buttonStyle": "light",
                              "events": {
                                "click": [
                                  {
                                    "type": "close-popup"
                                  }
                                ]
                              },
                              "text": "Cancel",
                              "type": "button"
                            }
                          ],
                          "type": "col"
                        }
                      ],
                      "type": "row"
                    }
                  ],
                  "data": "${tblgnaddressbook}",
                  "events": {
                    "submit": []
                  },
                  "itemType": "ErpCan.Models.CanErpDbAt132.TblGnAddressBook",
                  "name": "form0",
                  "type": "template-form",
                  "visible": "${tblgnaddressbook != null}"
                }
              ],
              "type": "col"
            }
          ],
          "type": "row"
        }
      ],
      "container": "contentContainer0",
      "type": "content"
    }
  ],
  "events": {
    "load": [
      {
        "name": "tblgnaddressbook",
        "type": "set",
        "value": "new ErpCan.Models.CanErpDbAt132.TblGnAddressBook()",
        "valueType": "ErpCan.Models.CanErpDbAt132.TblGnAddressBook"
      }
    ]
  },
  "layout": "Main",
  "name": "Add Tbl Gn Address Book"
}