{
  "components": [
    {
      "type": "content",
      "container": "contentContainer0",
      "components": [
        {
          "type": "row",
          "components": [
            {
              "type": "col",
              "class": "col-md-12",
              "components": [
                {
                  "type": "template-form",
                  "name": "form0",
                  "components": [
                    {
                      "type": "row",
                      "style": {
                        "marginBottom": "1rem"
                      },
                      "components": [
                        {
                          "type": "col",
                          "class": "col-md-3",
                          "components": [
                            {
                              "type": "label",
                              "text": "So Status Id",
                              "component": "SOStatus_ID",
                              "style": {
                                "width": "100%"
                              }
                            }
                          ]
                        },
                        {
                          "type": "col",
                          "class": "col-md-9",
                          "components": [
                            {
                              "maxLength": 20,
                              "type": "textbox",
                              "name": "SOStatus_ID",
                              "style": {
                                "display": "block",
                                "width": "100%"
                              },
                              "value": "${tblsoorderstatus.SOStatus_ID}"
                            },
                            {
                              "type": "required-validator",
                              "name": "SOStatus_IDRequiredValidator",
                              "component": "SOStatus_ID",
                              "text": "SOStatus_ID is required",
                              "style": {
                                "position": "absolute"
                              }
                            }
                          ]
                        }
                      ]
                    },
                    {
                      "type": "row",
                      "style": {
                        "marginBottom": "1rem"
                      },
                      "components": [
                        {
                          "type": "col",
                          "class": "col-md-3",
                          "components": [
                            {
                              "type": "label",
                              "text": "So Status Text",
                              "component": "SOStatusText",
                              "style": {
                                "width": "100%"
                              }
                            }
                          ]
                        },
                        {
                          "type": "col",
                          "class": "col-md-9",
                          "components": [
                            {
                              "maxLength": 50,
                              "type": "textbox",
                              "name": "SOStatusText",
                              "style": {
                                "width": "100%"
                              },
                              "value": "${tblsoorderstatus.SOStatusText}"
                            }
                          ]
                        }
                      ]
                    },
                    {
                      "type": "row",
                      "style": {
                        "marginBottom": "1rem"
                      },
                      "components": [
                        {
                          "type": "col",
                          "class": "col-md-3",
                          "components": [
                            {
                              "type": "label",
                              "text": "Description",
                              "component": "Description",
                              "style": {
                                "width": "100%"
                              }
                            }
                          ]
                        },
                        {
                          "type": "col",
                          "class": "col-md-9",
                          "components": [
                            {
                              "maxLength": 255,
                              "type": "textbox",
                              "name": "Description",
                              "style": {
                                "width": "100%"
                              },
                              "value": "${tblsoorderstatus.Description}"
                            }
                          ]
                        }
                      ]
                    },
                    {
                      "type": "row",
                      "components": [
                        {
                          "type": "col",
                          "class": "col offset-sm-3",
                          "components": [
                            {
                              "type": "button",
                              "buttonType": "submit",
                              "icon": "save",
                              "text": "Save",
                              "buttonStyle": "primary"
                            },
                            {
                              "type": "button",
                              "buttonStyle": "light",
                              "text": "Cancel",
                              "events": {
                                "click": [
                                  {
                                    "type": "close-popup"
                                  }
                                ]
                              }
                            }
                          ]
                        }
                      ]
                    }
                  ],
                  "events": {
                    "submit": [
                      {
                        "error": [
                          {
                            "detail": "Unable to create new TblSoOrderStatus!",
                            "severity": "error",
                            "summary": "Error",
                            "type": "notify"
                          }
                        ],
                        "name": "CanERP_DB_AT132.createTblSoOrderStatus",
                        "parameters": [
                          {
                            "name": "TblSoOrderStatus",
                            "value": "${tblsoorderstatus}"
                          }
                        ],
                        "then": [
                          {
                            "type": "close-popup",
                            "result": "${tblsoorderstatus}"
                          }
                        ],
                        "type": "invoke",
                        "argType": "ErpCan.Models.CanErpDbAt132.TblSoOrderStatus"
                      }
                    ]
                  },
                  "data": "${tblsoorderstatus}",
                  "visible": "${tblsoorderstatus != null}",
                  "itemType": "ErpCan.Models.CanErpDbAt132.TblSoOrderStatus"
                }
              ]
            }
          ]
        }
      ]
    }
  ],
  "events": {
    "load": [
      {
        "name": "tblsoorderstatus",
        "type": "set",
        "value": "new ErpCan.Models.CanErpDbAt132.TblSoOrderStatus()",
        "valueType": "ErpCan.Models.CanErpDbAt132.TblSoOrderStatus"
      }
    ]
  },
  "name": "Add Tbl So Order Status",
  "layout": "Main"
}