{
  "components": [
    {
      "components": [
        {
          "components": [
            {
              "class": "col-md-12",
              "components": [
                {
                  "components": [
                    {
                      "components": [
                        {
                          "class": "col-md-3",
                          "components": [
                            {
                              "component": "City_ID",
                              "style": {
                                "width": "100%"
                              },
                              "text": "Mã Tỉnh Thành",
                              "type": "label"
                            }
                          ],
                          "type": "col"
                        },
                        {
                          "class": "col-md-9",
                          "components": [
                            {
                              "maxLength": 10,
                              "name": "City_ID",
                              "style": {
                                "width": "100%"
                              },
                              "type": "textbox",
                              "value": "${tblgncity.City_ID}"
                            }
                          ],
                          "type": "col"
                        }
                      ],
                      "style": {
                        "marginBottom": "1rem"
                      },
                      "type": "row"
                    },
                    {
                      "components": [
                        {
                          "class": "col-md-3",
                          "components": [
                            {
                              "component": "CityName",
                              "style": {
                                "width": "100%"
                              },
                              "text": "Tên Tỉnh Thành",
                              "type": "label"
                            }
                          ],
                          "type": "col"
                        },
                        {
                          "class": "col-md-9",
                          "components": [
                            {
                              "maxLength": 50,
                              "name": "CityName",
                              "style": {
                                "width": "100%"
                              },
                              "type": "textbox",
                              "value": "${tblgncity.CityName}"
                            }
                          ],
                          "type": "col"
                        }
                      ],
                      "style": {
                        "marginBottom": "1rem"
                      },
                      "type": "row"
                    },
                    {
                      "components": [
                        {
                          "class": "col-md-3",
                          "components": [
                            {
                              "component": "CityAbbreviation",
                              "style": {
                                "width": "100%"
                              },
                              "text": "Viết Tắt",
                              "type": "label"
                            }
                          ],
                          "type": "col"
                        },
                        {
                          "class": "col-md-9",
                          "components": [
                            {
                              "maxLength": 10,
                              "name": "CityAbbreviation",
                              "style": {
                                "width": "100%"
                              },
                              "type": "textbox",
                              "value": "${tblgncity.CityAbbreviation}"
                            }
                          ],
                          "type": "col"
                        }
                      ],
                      "style": {
                        "marginBottom": "1rem"
                      },
                      "type": "row"
                    },
                    {
                      "components": [
                        {
                          "class": "col offset-sm-3",
                          "components": [
                            {
                              "buttonStyle": "primary",
                              "buttonType": "submit",
                              "icon": "save",
                              "text": "Save",
                              "type": "button"
                            },
                            {
                              "buttonStyle": "light",
                              "events": {
                                "click": [
                                  {
                                    "type": "close-popup"
                                  }
                                ]
                              },
                              "text": "Cancel",
                              "type": "button"
                            }
                          ],
                          "type": "col"
                        }
                      ],
                      "type": "row"
                    }
                  ],
                  "data": "${tblgncity}",
                  "events": {
                    "submit": []
                  },
                  "itemType": "ErpCan.Models.CanErpDbAt132.TblGnCity",
                  "name": "form0",
                  "type": "template-form",
                  "visible": "${tblgncity != null}"
                }
              ],
              "type": "col"
            }
          ],
          "type": "row"
        }
      ],
      "container": "contentContainer0",
      "type": "content"
    }
  ],
  "events": {
    "load": [
      {
        "name": "tblgncity",
        "type": "set",
        "value": "new ErpCan.Models.CanErpDbAt132.TblGnCity()",
        "valueType": "ErpCan.Models.CanErpDbAt132.TblGnCity"
      }
    ]
  },
  "layout": "Main",
  "name": "Add Tbl Gn City"
}