{
  "components": [
    {
      "type": "content",
      "container": "contentContainer0",
      "components": [
        {
          "type": "row",
          "components": [
            {
              "type": "col",
              "class": "col-md-12",
              "components": [
                {
                  "type": "template-form",
                  "name": "form0",
                  "components": [
                    {
                      "type": "row",
                      "style": {
                        "marginBottom": "1rem"
                      },
                      "components": [
                        {
                          "type": "col",
                          "class": "col-md-3",
                          "components": [
                            {
                              "type": "label",
                              "text": "Customer Id",
                              "component": "Customer_ID",
                              "style": {
                                "width": "100%"
                              }
                            }
                          ]
                        },
                        {
                          "type": "col",
                          "class": "col-md-9",
                          "components": [
                            {
                              "maxLength": 10,
                              "type": "textbox",
                              "name": "Customer_ID",
                              "style": {
                                "display": "block",
                                "width": "100%"
                              },
                              "value": "${tblsocustomer.Customer_ID}"
                            },
                            {
                              "type": "required-validator",
                              "name": "Customer_IDRequiredValidator",
                              "component": "Customer_ID",
                              "text": "Customer_ID is required",
                              "style": {
                                "position": "absolute"
                              }
                            }
                          ]
                        }
                      ]
                    },
                    {
                      "type": "row",
                      "style": {
                        "marginBottom": "1rem"
                      },
                      "components": [
                        {
                          "type": "col",
                          "class": "col-md-3",
                          "components": [
                            {
                              "type": "label",
                              "text": "Last Name",
                              "component": "LastName",
                              "style": {
                                "width": "100%"
                              }
                            }
                          ]
                        },
                        {
                          "type": "col",
                          "class": "col-md-9",
                          "components": [
                            {
                              "maxLength": 50,
                              "type": "textbox",
                              "name": "LastName",
                              "style": {
                                "width": "100%"
                              },
                              "value": "${tblsocustomer.LastName}"
                            }
                          ]
                        }
                      ]
                    },
                    {
                      "type": "row",
                      "style": {
                        "marginBottom": "1rem"
                      },
                      "components": [
                        {
                          "type": "col",
                          "class": "col-md-3",
                          "components": [
                            {
                              "type": "label",
                              "text": "First Name",
                              "component": "FirstName",
                              "style": {
                                "width": "100%"
                              }
                            }
                          ]
                        },
                        {
                          "type": "col",
                          "class": "col-md-9",
                          "components": [
                            {
                              "maxLength": 50,
                              "type": "textbox",
                              "name": "FirstName",
                              "style": {
                                "width": "100%"
                              },
                              "value": "${tblsocustomer.FirstName}"
                            }
                          ]
                        }
                      ]
                    },
                    {
                      "type": "row",
                      "style": {
                        "marginBottom": "1rem"
                      },
                      "components": [
                        {
                          "type": "col",
                          "class": "col-md-3",
                          "components": [
                            {
                              "type": "label",
                              "text": "Tbl Gn Address Book",
                              "component": "CustomerAdressBook_FK",
                              "style": {
                                "width": "100%"
                              }
                            }
                          ]
                        },
                        {
                          "type": "col",
                          "class": "col-md-9",
                          "components": [
                            {
                              "data": "${getTblGnAddressBooksResult}",
                              "textProperty": "AddressBook_ID",
                              "valueProperty": "AddressBook_SEQ",
                              "placeholder": "Choose TblGnAddressBook",
                              "type": "dropdown",
                              "name": "CustomerAdressBook_FK",
                              "style": {
                                "width": "100%"
                              },
                              "value": "${tblsocustomer.CustomerAdressBook_FK}"
                            }
                          ]
                        }
                      ]
                    },
                    {
                      "type": "row",
                      "style": {
                        "marginBottom": "1rem"
                      },
                      "components": [
                        {
                          "type": "col",
                          "class": "col-md-3",
                          "components": [
                            {
                              "type": "label",
                              "text": "Credit Limit",
                              "component": "CreditLimit",
                              "style": {
                                "width": "100%"
                              }
                            }
                          ]
                        },
                        {
                          "type": "col",
                          "class": "col-md-9",
                          "components": [
                            {
                              "type": "numeric",
                              "name": "CreditLimit",
                              "style": {
                                "width": "100%"
                              },
                              "value": "${tblsocustomer.CreditLimit}"
                            }
                          ]
                        }
                      ]
                    },
                    {
                      "type": "row",
                      "style": {
                        "marginBottom": "1rem"
                      },
                      "components": [
                        {
                          "type": "col",
                          "class": "col-md-3",
                          "components": [
                            {
                              "type": "label",
                              "text": "Last Revised Credit Limit Date",
                              "component": "LastRevisedCreditLimitDate",
                              "style": {
                                "width": "100%"
                              }
                            }
                          ]
                        },
                        {
                          "type": "col",
                          "class": "col-md-9",
                          "components": [
                            {
                              "dateFormat": "MM/dd/yyyy",
                              "type": "datepicker",
                              "name": "LastRevisedCreditLimitDate",
                              "style": {
                                "width": "100%"
                              },
                              "value": "${tblsocustomer.LastRevisedCreditLimitDate}"
                            }
                          ]
                        }
                      ]
                    },
                    {
                      "type": "row",
                      "style": {
                        "marginBottom": "1rem"
                      },
                      "components": [
                        {
                          "type": "col",
                          "class": "col-md-3",
                          "components": [
                            {
                              "type": "label",
                              "text": "Tbl Gn Payment Term",
                              "component": "PaymentTerm_FK",
                              "style": {
                                "width": "100%"
                              }
                            }
                          ]
                        },
                        {
                          "type": "col",
                          "class": "col-md-9",
                          "components": [
                            {
                              "data": "${getTblGnPaymentTermsResult}",
                              "textProperty": "PaymentTerm_ID",
                              "valueProperty": "PaymentTerm_SEQ",
                              "placeholder": "Choose TblGnPaymentTerm",
                              "type": "dropdown",
                              "name": "PaymentTerm_FK",
                              "style": {
                                "width": "100%"
                              },
                              "value": "${tblsocustomer.PaymentTerm_FK}"
                            }
                          ]
                        }
                      ]
                    },
                    {
                      "type": "row",
                      "style": {
                        "marginBottom": "1rem"
                      },
                      "components": [
                        {
                          "type": "col",
                          "class": "col-md-3",
                          "components": [
                            {
                              "type": "label",
                              "text": "Tbl Gn Payment Type",
                              "component": "PaymentType_FK",
                              "style": {
                                "width": "100%"
                              }
                            }
                          ]
                        },
                        {
                          "type": "col",
                          "class": "col-md-9",
                          "components": [
                            {
                              "data": "${getTblGnPaymentTypesResult}",
                              "textProperty": "PaymentType_ID",
                              "valueProperty": "PaymentType_SEQ",
                              "placeholder": "Choose TblGnPaymentType",
                              "type": "dropdown",
                              "name": "PaymentType_FK",
                              "style": {
                                "width": "100%"
                              },
                              "value": "${tblsocustomer.PaymentType_FK}"
                            }
                          ]
                        }
                      ]
                    },
                    {
                      "type": "row",
                      "style": {
                        "marginBottom": "1rem"
                      },
                      "components": [
                        {
                          "type": "col",
                          "class": "col-md-3",
                          "components": [
                            {
                              "type": "label",
                              "text": "Discount Percent",
                              "component": "DiscountPercent",
                              "style": {
                                "width": "100%"
                              }
                            }
                          ]
                        },
                        {
                          "type": "col",
                          "class": "col-md-9",
                          "components": [
                            {
                              "type": "numeric",
                              "name": "DiscountPercent",
                              "style": {
                                "width": "100%"
                              },
                              "value": "${tblsocustomer.DiscountPercent}"
                            }
                          ]
                        }
                      ]
                    },
                    {
                      "type": "row",
                      "style": {
                        "marginBottom": "1rem"
                      },
                      "components": [
                        {
                          "type": "col",
                          "class": "col-md-3",
                          "components": [
                            {
                              "type": "label",
                              "text": "Current Mtd Sales",
                              "component": "Current_MTD_Sales",
                              "style": {
                                "width": "100%"
                              }
                            }
                          ]
                        },
                        {
                          "type": "col",
                          "class": "col-md-9",
                          "components": [
                            {
                              "type": "numeric",
                              "name": "Current_MTD_Sales",
                              "style": {
                                "width": "100%"
                              },
                              "value": "${tblsocustomer.Current_MTD_Sales}"
                            }
                          ]
                        }
                      ]
                    },
                    {
                      "type": "row",
                      "style": {
                        "marginBottom": "1rem"
                      },
                      "components": [
                        {
                          "type": "col",
                          "class": "col-md-3",
                          "components": [
                            {
                              "type": "label",
                              "text": "Current Mtd Returns",
                              "component": "Current_MTD_Returns",
                              "style": {
                                "width": "100%"
                              }
                            }
                          ]
                        },
                        {
                          "type": "col",
                          "class": "col-md-9",
                          "components": [
                            {
                              "type": "numeric",
                              "name": "Current_MTD_Returns",
                              "style": {
                                "width": "100%"
                              },
                              "value": "${tblsocustomer.Current_MTD_Returns}"
                            }
                          ]
                        }
                      ]
                    },
                    {
                      "type": "row",
                      "style": {
                        "marginBottom": "1rem"
                      },
                      "components": [
                        {
                          "type": "col",
                          "class": "col-md-3",
                          "components": [
                            {
                              "type": "label",
                              "text": "Ytd Gross Sales",
                              "component": "YTD_GrossSales",
                              "style": {
                                "width": "100%"
                              }
                            }
                          ]
                        },
                        {
                          "type": "col",
                          "class": "col-md-9",
                          "components": [
                            {
                              "type": "numeric",
                              "name": "YTD_GrossSales",
                              "style": {
                                "width": "100%"
                              },
                              "value": "${tblsocustomer.YTD_GrossSales}"
                            }
                          ]
                        }
                      ]
                    },
                    {
                      "type": "row",
                      "style": {
                        "marginBottom": "1rem"
                      },
                      "components": [
                        {
                          "type": "col",
                          "class": "col-md-3",
                          "components": [
                            {
                              "type": "label",
                              "text": "Ytd Returns",
                              "component": "YTD_Returns",
                              "style": {
                                "width": "100%"
                              }
                            }
                          ]
                        },
                        {
                          "type": "col",
                          "class": "col-md-9",
                          "components": [
                            {
                              "type": "numeric",
                              "name": "YTD_Returns",
                              "style": {
                                "width": "100%"
                              },
                              "value": "${tblsocustomer.YTD_Returns}"
                            }
                          ]
                        }
                      ]
                    },
                    {
                      "type": "row",
                      "style": {
                        "marginBottom": "1rem"
                      },
                      "components": [
                        {
                          "type": "col",
                          "class": "col-md-3",
                          "components": [
                            {
                              "type": "label",
                              "text": "Ytd Cogs",
                              "component": "YTD_COGS",
                              "style": {
                                "width": "100%"
                              }
                            }
                          ]
                        },
                        {
                          "type": "col",
                          "class": "col-md-9",
                          "components": [
                            {
                              "type": "numeric",
                              "name": "YTD_COGS",
                              "style": {
                                "width": "100%"
                              },
                              "value": "${tblsocustomer.YTD_COGS}"
                            }
                          ]
                        }
                      ]
                    },
                    {
                      "type": "row",
                      "style": {
                        "marginBottom": "1rem"
                      },
                      "components": [
                        {
                          "type": "col",
                          "class": "col-md-3",
                          "components": [
                            {
                              "type": "label",
                              "text": "Lyr Gross Sales",
                              "component": "LYR_GrossSales",
                              "style": {
                                "width": "100%"
                              }
                            }
                          ]
                        },
                        {
                          "type": "col",
                          "class": "col-md-9",
                          "components": [
                            {
                              "type": "numeric",
                              "name": "LYR_GrossSales",
                              "style": {
                                "width": "100%"
                              },
                              "value": "${tblsocustomer.LYR_GrossSales}"
                            }
                          ]
                        }
                      ]
                    },
                    {
                      "type": "row",
                      "style": {
                        "marginBottom": "1rem"
                      },
                      "components": [
                        {
                          "type": "col",
                          "class": "col-md-3",
                          "components": [
                            {
                              "type": "label",
                              "text": "Lyr Cogs",
                              "component": "LYR_COGS",
                              "style": {
                                "width": "100%"
                              }
                            }
                          ]
                        },
                        {
                          "type": "col",
                          "class": "col-md-9",
                          "components": [
                            {
                              "type": "numeric",
                              "name": "LYR_COGS",
                              "style": {
                                "width": "100%"
                              },
                              "value": "${tblsocustomer.LYR_COGS}"
                            }
                          ]
                        }
                      ]
                    },
                    {
                      "type": "row",
                      "style": {
                        "marginBottom": "1rem"
                      },
                      "components": [
                        {
                          "type": "col",
                          "class": "col-md-3",
                          "components": [
                            {
                              "type": "label",
                              "text": "Last Amount Sales",
                              "component": "LastAmountSales",
                              "style": {
                                "width": "100%"
                              }
                            }
                          ]
                        },
                        {
                          "type": "col",
                          "class": "col-md-9",
                          "components": [
                            {
                              "type": "numeric",
                              "name": "LastAmountSales",
                              "style": {
                                "width": "100%"
                              },
                              "value": "${tblsocustomer.LastAmountSales}"
                            }
                          ]
                        }
                      ]
                    },
                    {
                      "type": "row",
                      "style": {
                        "marginBottom": "1rem"
                      },
                      "components": [
                        {
                          "type": "col",
                          "class": "col-md-3",
                          "components": [
                            {
                              "type": "label",
                              "text": "Sales Person Adress Book Fk",
                              "component": "SalesPersonAdressBook_FK",
                              "style": {
                                "width": "100%"
                              }
                            }
                          ]
                        },
                        {
                          "type": "col",
                          "class": "col-md-9",
                          "components": [
                            {
                              "type": "numeric",
                              "name": "SalesPersonAdressBook_FK",
                              "style": {
                                "width": "100%"
                              },
                              "value": "${tblsocustomer.SalesPersonAdressBook_FK}"
                            }
                          ]
                        }
                      ]
                    },
                    {
                      "type": "row",
                      "style": {
                        "marginBottom": "1rem"
                      },
                      "components": [
                        {
                          "type": "col",
                          "class": "col-md-3",
                          "components": [
                            {
                              "type": "label",
                              "text": "Commission Percent",
                              "component": "CommissionPercent",
                              "style": {
                                "width": "100%"
                              }
                            }
                          ]
                        },
                        {
                          "type": "col",
                          "class": "col-md-9",
                          "components": [
                            {
                              "type": "numeric",
                              "name": "CommissionPercent",
                              "style": {
                                "width": "100%"
                              },
                              "value": "${tblsocustomer.CommissionPercent}"
                            }
                          ]
                        }
                      ]
                    },
                    {
                      "type": "row",
                      "style": {
                        "marginBottom": "1rem"
                      },
                      "components": [
                        {
                          "type": "col",
                          "class": "col-md-3",
                          "components": [
                            {
                              "type": "label",
                              "text": "Sales Person Mtd Goal",
                              "component": "SalesPerson_MTD_Goal",
                              "style": {
                                "width": "100%"
                              }
                            }
                          ]
                        },
                        {
                          "type": "col",
                          "class": "col-md-9",
                          "components": [
                            {
                              "type": "numeric",
                              "name": "SalesPerson_MTD_Goal",
                              "style": {
                                "width": "100%"
                              },
                              "value": "${tblsocustomer.SalesPerson_MTD_Goal}"
                            }
                          ]
                        }
                      ]
                    },
                    {
                      "type": "row",
                      "style": {
                        "marginBottom": "1rem"
                      },
                      "components": [
                        {
                          "type": "col",
                          "class": "col-md-3",
                          "components": [
                            {
                              "type": "label",
                              "text": "Sales Person Ytd Goal",
                              "component": "SalesPerson_YTD_Goal",
                              "style": {
                                "width": "100%"
                              }
                            }
                          ]
                        },
                        {
                          "type": "col",
                          "class": "col-md-9",
                          "components": [
                            {
                              "type": "numeric",
                              "name": "SalesPerson_YTD_Goal",
                              "style": {
                                "width": "100%"
                              },
                              "value": "${tblsocustomer.SalesPerson_YTD_Goal}"
                            }
                          ]
                        }
                      ]
                    },
                    {
                      "type": "row",
                      "style": {
                        "marginBottom": "1rem"
                      },
                      "components": [
                        {
                          "type": "col",
                          "class": "col-md-3",
                          "components": [
                            {
                              "type": "label",
                              "text": "Charge Interest",
                              "component": "ChargeInterest",
                              "style": {
                                "width": "100%"
                              }
                            }
                          ]
                        },
                        {
                          "type": "col",
                          "class": "col-md-9",
                          "components": [
                            {
                              "type": "checkbox",
                              "name": "ChargeInterest",
                              "triState": true,
                              "value": "${tblsocustomer.ChargeInterest}"
                            }
                          ]
                        }
                      ]
                    },
                    {
                      "type": "row",
                      "style": {
                        "marginBottom": "1rem"
                      },
                      "components": [
                        {
                          "type": "col",
                          "class": "col-md-3",
                          "components": [
                            {
                              "type": "label",
                              "text": "Statement",
                              "component": "Statement",
                              "style": {
                                "width": "100%"
                              }
                            }
                          ]
                        },
                        {
                          "type": "col",
                          "class": "col-md-9",
                          "components": [
                            {
                              "type": "checkbox",
                              "name": "Statement",
                              "triState": true,
                              "value": "${tblsocustomer.Statement}"
                            }
                          ]
                        }
                      ]
                    },
                    {
                      "type": "row",
                      "style": {
                        "marginBottom": "1rem"
                      },
                      "components": [
                        {
                          "type": "col",
                          "class": "col-md-3",
                          "components": [
                            {
                              "type": "label",
                              "text": "Aging 30 Day Amout",
                              "component": "Aging30DayAmout",
                              "style": {
                                "width": "100%"
                              }
                            }
                          ]
                        },
                        {
                          "type": "col",
                          "class": "col-md-9",
                          "components": [
                            {
                              "type": "numeric",
                              "name": "Aging30DayAmout",
                              "style": {
                                "width": "100%"
                              },
                              "value": "${tblsocustomer.Aging30DayAmout}"
                            }
                          ]
                        }
                      ]
                    },
                    {
                      "type": "row",
                      "style": {
                        "marginBottom": "1rem"
                      },
                      "components": [
                        {
                          "type": "col",
                          "class": "col-md-3",
                          "components": [
                            {
                              "type": "label",
                              "text": "Aging 60 Day Amout",
                              "component": "Aging60DayAmout",
                              "style": {
                                "width": "100%"
                              }
                            }
                          ]
                        },
                        {
                          "type": "col",
                          "class": "col-md-9",
                          "components": [
                            {
                              "type": "numeric",
                              "name": "Aging60DayAmout",
                              "style": {
                                "width": "100%"
                              },
                              "value": "${tblsocustomer.Aging60DayAmout}"
                            }
                          ]
                        }
                      ]
                    },
                    {
                      "type": "row",
                      "style": {
                        "marginBottom": "1rem"
                      },
                      "components": [
                        {
                          "type": "col",
                          "class": "col-md-3",
                          "components": [
                            {
                              "type": "label",
                              "text": "Aging 90 Day Amout",
                              "component": "Aging90DayAmout",
                              "style": {
                                "width": "100%"
                              }
                            }
                          ]
                        },
                        {
                          "type": "col",
                          "class": "col-md-9",
                          "components": [
                            {
                              "type": "numeric",
                              "name": "Aging90DayAmout",
                              "style": {
                                "width": "100%"
                              },
                              "value": "${tblsocustomer.Aging90DayAmout}"
                            }
                          ]
                        }
                      ]
                    },
                    {
                      "type": "row",
                      "style": {
                        "marginBottom": "1rem"
                      },
                      "components": [
                        {
                          "type": "col",
                          "class": "col-md-3",
                          "components": [
                            {
                              "type": "label",
                              "text": "Notes",
                              "component": "Notes",
                              "style": {
                                "width": "100%"
                              }
                            }
                          ]
                        },
                        {
                          "type": "col",
                          "class": "col-md-9",
                          "components": [
                            {
                              "type": "textbox",
                              "name": "Notes",
                              "style": {
                                "width": "100%"
                              },
                              "value": "${tblsocustomer.Notes}"
                            }
                          ]
                        }
                      ]
                    },
                    {
                      "type": "row",
                      "style": {
                        "marginBottom": "1rem"
                      },
                      "components": [
                        {
                          "type": "col",
                          "class": "col-md-3",
                          "components": [
                            {
                              "type": "label",
                              "text": "Last Updated Date",
                              "component": "LastUpdatedDate",
                              "style": {
                                "width": "100%"
                              }
                            }
                          ]
                        },
                        {
                          "type": "col",
                          "class": "col-md-9",
                          "components": [
                            {
                              "dateFormat": "MM/dd/yyyy",
                              "type": "datepicker",
                              "name": "LastUpdatedDate",
                              "style": {
                                "width": "100%"
                              },
                              "value": "${tblsocustomer.LastUpdatedDate}"
                            }
                          ]
                        }
                      ]
                    },
                    {
                      "type": "row",
                      "style": {
                        "marginBottom": "1rem"
                      },
                      "components": [
                        {
                          "type": "col",
                          "class": "col-md-3",
                          "components": [
                            {
                              "type": "label",
                              "text": "Last Udpated By",
                              "component": "LastUdpatedBy",
                              "style": {
                                "width": "100%"
                              }
                            }
                          ]
                        },
                        {
                          "type": "col",
                          "class": "col-md-9",
                          "components": [
                            {
                              "type": "numeric",
                              "name": "LastUdpatedBy",
                              "style": {
                                "width": "100%"
                              },
                              "value": "${tblsocustomer.LastUdpatedBy}"
                            }
                          ]
                        }
                      ]
                    },
                    {
                      "type": "row",
                      "style": {
                        "marginBottom": "1rem"
                      },
                      "components": [
                        {
                          "type": "col",
                          "class": "col-md-3",
                          "components": [
                            {
                              "type": "label",
                              "text": "Inactive",
                              "component": "Inactive",
                              "style": {
                                "width": "100%"
                              }
                            }
                          ]
                        },
                        {
                          "type": "col",
                          "class": "col-md-9",
                          "components": [
                            {
                              "type": "checkbox",
                              "name": "Inactive",
                              "triState": true,
                              "value": "${tblsocustomer.Inactive}"
                            }
                          ]
                        }
                      ]
                    },
                    {
                      "type": "row",
                      "components": [
                        {
                          "type": "col",
                          "class": "col offset-sm-3",
                          "components": [
                            {
                              "type": "button",
                              "buttonType": "submit",
                              "icon": "save",
                              "text": "Save",
                              "buttonStyle": "primary"
                            },
                            {
                              "type": "button",
                              "buttonStyle": "light",
                              "text": "Cancel",
                              "events": {
                                "click": [
                                  {
                                    "type": "close-popup"
                                  }
                                ]
                              }
                            }
                          ]
                        }
                      ]
                    }
                  ],
                  "events": {
                    "submit": [
                      {
                        "error": [
                          {
                            "detail": "Unable to create new TblSoCustomer!",
                            "severity": "error",
                            "summary": "Error",
                            "type": "notify"
                          }
                        ],
                        "name": "CanERP_DB_AT132.createTblSoCustomer",
                        "parameters": [
                          {
                            "name": "TblSoCustomer",
                            "value": "${tblsocustomer}"
                          }
                        ],
                        "then": [
                          {
                            "type": "close-popup",
                            "result": "${tblsocustomer}"
                          }
                        ],
                        "type": "invoke",
                        "argType": "ErpCan.Models.CanErpDbAt132.TblSoCustomer"
                      }
                    ]
                  },
                  "data": "${tblsocustomer}",
                  "visible": "${tblsocustomer != null}",
                  "itemType": "ErpCan.Models.CanErpDbAt132.TblSoCustomer"
                }
              ]
            }
          ]
        }
      ]
    }
  ],
  "events": {
    "load": [
      {
        "name": "CanERP_DB_AT132.getTblGnAddressBooks",
        "parameters": [],
        "then": [
          {
            "name": "getTblGnAddressBooksResult",
            "type": "set",
            "value": "${result}",
            "valueType": "IEnumerable<ErpCan.Models.CanErpDbAt132.TblGnAddressBook>"
          }
        ],
        "type": "invoke"
      },
      {
        "name": "CanERP_DB_AT132.getTblGnPaymentTerms",
        "parameters": [],
        "then": [
          {
            "name": "getTblGnPaymentTermsResult",
            "type": "set",
            "value": "${result}",
            "valueType": "IEnumerable<ErpCan.Models.CanErpDbAt132.TblGnPaymentTerm>"
          }
        ],
        "type": "invoke"
      },
      {
        "name": "CanERP_DB_AT132.getTblGnPaymentTypes",
        "parameters": [],
        "then": [
          {
            "name": "getTblGnPaymentTypesResult",
            "type": "set",
            "value": "${result}",
            "valueType": "IEnumerable<ErpCan.Models.CanErpDbAt132.TblGnPaymentType>"
          }
        ],
        "type": "invoke"
      },
      {
        "name": "tblsocustomer",
        "type": "set",
        "value": "new ErpCan.Models.CanErpDbAt132.TblSoCustomer()",
        "valueType": "ErpCan.Models.CanErpDbAt132.TblSoCustomer"
      }
    ]
  },
  "name": "Add Tbl So Customer",
  "layout": "Main"
}