{
  "components": [
    {
      "type": "content",
      "container": "contentContainer0",
      "components": [
        {
          "type": "row",
          "components": [
            {
              "type": "col",
              "class": "col-md-12",
              "components": [
                {
                  "type": "template-form",
                  "name": "form0",
                  "components": [
                    {
                      "type": "row",
                      "style": {
                        "marginBottom": "1rem"
                      },
                      "components": [
                        {
                          "type": "col",
                          "class": "col-md-3",
                          "components": [
                            {
                              "type": "label",
                              "text": "Ap No",
                              "component": "AP_No",
                              "style": {
                                "width": "100%"
                              }
                            }
                          ]
                        },
                        {
                          "type": "col",
                          "class": "col-md-9",
                          "components": [
                            {
                              "maxLength": 10,
                              "type": "textbox",
                              "name": "AP_No",
                              "style": {
                                "display": "block",
                                "width": "100%"
                              },
                              "value": "${tblpoaccountpayable.AP_No}"
                            },
                            {
                              "type": "required-validator",
                              "name": "AP_NoRequiredValidator",
                              "component": "AP_No",
                              "text": "AP_No is required",
                              "style": {
                                "position": "absolute"
                              }
                            }
                          ]
                        }
                      ]
                    },
                    {
                      "type": "row",
                      "style": {
                        "marginBottom": "1rem"
                      },
                      "components": [
                        {
                          "type": "col",
                          "class": "col-md-3",
                          "components": [
                            {
                              "type": "label",
                              "text": "Tbl Po Vendor",
                              "component": "Vendor_FK",
                              "style": {
                                "width": "100%"
                              }
                            }
                          ]
                        },
                        {
                          "type": "col",
                          "class": "col-md-9",
                          "components": [
                            {
                              "textProperty": "LastName",
                              "valueProperty": "Vendor_ID",
                              "placeholder": "Choose TblPoVendor",
                              "type": "dropdown",
                              "name": "Vendor_FK",
                              "style": {
                                "width": "100%"
                              },
                              "value": "${tblpoaccountpayable.Vendor_FK}"
                            }
                          ]
                        }
                      ]
                    },
                    {
                      "type": "row",
                      "style": {
                        "marginBottom": "1rem"
                      },
                      "components": [
                        {
                          "type": "col",
                          "class": "col-md-3",
                          "components": [
                            {
                              "type": "label",
                              "text": "Transact No",
                              "component": "Transact_No",
                              "style": {
                                "width": "100%"
                              }
                            }
                          ]
                        },
                        {
                          "type": "col",
                          "class": "col-md-9",
                          "components": [
                            {
                              "maxLength": 15,
                              "type": "textbox",
                              "name": "Transact_No",
                              "style": {
                                "width": "100%"
                              },
                              "value": "${tblpoaccountpayable.Transact_No}"
                            }
                          ]
                        }
                      ]
                    },
                    {
                      "type": "row",
                      "style": {
                        "marginBottom": "1rem"
                      },
                      "components": [
                        {
                          "type": "col",
                          "class": "col-md-3",
                          "components": [
                            {
                              "type": "label",
                              "text": "Record Code",
                              "component": "Record_Code",
                              "style": {
                                "width": "100%"
                              }
                            }
                          ]
                        },
                        {
                          "type": "col",
                          "class": "col-md-9",
                          "components": [
                            {
                              "maxLength": 2,
                              "type": "textbox",
                              "name": "Record_Code",
                              "style": {
                                "width": "100%"
                              },
                              "value": "${tblpoaccountpayable.Record_Code}"
                            }
                          ]
                        }
                      ]
                    },
                    {
                      "type": "row",
                      "style": {
                        "marginBottom": "1rem"
                      },
                      "components": [
                        {
                          "type": "col",
                          "class": "col-md-3",
                          "components": [
                            {
                              "type": "label",
                              "text": "Po No",
                              "component": "PO_No",
                              "style": {
                                "width": "100%"
                              }
                            }
                          ]
                        },
                        {
                          "type": "col",
                          "class": "col-md-9",
                          "components": [
                            {
                              "maxLength": 15,
                              "type": "textbox",
                              "name": "PO_No",
                              "style": {
                                "width": "100%"
                              },
                              "value": "${tblpoaccountpayable.PO_No}"
                            }
                          ]
                        }
                      ]
                    },
                    {
                      "type": "row",
                      "style": {
                        "marginBottom": "1rem"
                      },
                      "components": [
                        {
                          "type": "col",
                          "class": "col-md-3",
                          "components": [
                            {
                              "type": "label",
                              "text": "Transact Date",
                              "component": "Transact_Date",
                              "style": {
                                "width": "100%"
                              }
                            }
                          ]
                        },
                        {
                          "type": "col",
                          "class": "col-md-9",
                          "components": [
                            {
                              "dateFormat": "MM/dd/yyyy",
                              "type": "datepicker",
                              "name": "Transact_Date",
                              "style": {
                                "width": "100%"
                              },
                              "value": "${tblpoaccountpayable.Transact_Date}"
                            }
                          ]
                        }
                      ]
                    },
                    {
                      "type": "row",
                      "style": {
                        "marginBottom": "1rem"
                      },
                      "components": [
                        {
                          "type": "col",
                          "class": "col-md-3",
                          "components": [
                            {
                              "type": "label",
                              "text": "Description",
                              "component": "Description",
                              "style": {
                                "width": "100%"
                              }
                            }
                          ]
                        },
                        {
                          "type": "col",
                          "class": "col-md-9",
                          "components": [
                            {
                              "maxLength": 150,
                              "type": "textbox",
                              "name": "Description",
                              "style": {
                                "width": "100%"
                              },
                              "value": "${tblpoaccountpayable.Description}"
                            }
                          ]
                        }
                      ]
                    },
                    {
                      "type": "row",
                      "style": {
                        "marginBottom": "1rem"
                      },
                      "components": [
                        {
                          "type": "col",
                          "class": "col-md-3",
                          "components": [
                            {
                              "type": "label",
                              "text": "Amount",
                              "component": "Amount",
                              "style": {
                                "width": "100%"
                              }
                            }
                          ]
                        },
                        {
                          "type": "col",
                          "class": "col-md-9",
                          "components": [
                            {
                              "type": "numeric",
                              "name": "Amount",
                              "style": {
                                "width": "100%"
                              },
                              "value": "${tblpoaccountpayable.Amount}"
                            }
                          ]
                        }
                      ]
                    },
                    {
                      "type": "row",
                      "style": {
                        "marginBottom": "1rem"
                      },
                      "components": [
                        {
                          "type": "col",
                          "class": "col-md-3",
                          "components": [
                            {
                              "type": "label",
                              "text": "Tbl Gn Department",
                              "component": "Department_FK",
                              "style": {
                                "width": "100%"
                              }
                            }
                          ]
                        },
                        {
                          "type": "col",
                          "class": "col-md-9",
                          "components": [
                            {
                              "textProperty": "Deparment_Name",
                              "valueProperty": "Department_ID",
                              "placeholder": "Choose TblGnDepartment",
                              "type": "dropdown",
                              "name": "Department_FK",
                              "style": {
                                "width": "100%"
                              },
                              "value": "${tblpoaccountpayable.Department_FK}"
                            }
                          ]
                        }
                      ]
                    },
                    {
                      "type": "row",
                      "components": [
                        {
                          "type": "col",
                          "class": "col offset-sm-3",
                          "components": [
                            {
                              "type": "button",
                              "buttonType": "submit",
                              "icon": "save",
                              "text": "Save",
                              "buttonStyle": "primary"
                            },
                            {
                              "type": "button",
                              "buttonStyle": "light",
                              "text": "Cancel",
                              "events": {
                                "click": [
                                  {
                                    "type": "close-popup"
                                  }
                                ]
                              }
                            }
                          ]
                        }
                      ]
                    }
                  ],
                  "events": {
                    "submit": []
                  },
                  "data": "${tblpoaccountpayable}",
                  "visible": "${tblpoaccountpayable != null}",
                  "itemType": "ErpCan.Models.CanErpDbAt132.TblPoAccountPayable"
                }
              ]
            }
          ]
        }
      ]
    }
  ],
  "events": {
    "load": [
      {
        "name": "tblpoaccountpayable",
        "type": "set",
        "value": "new ErpCan.Models.CanErpDbAt132.TblPoAccountPayable()",
        "valueType": "ErpCan.Models.CanErpDbAt132.TblPoAccountPayable"
      }
    ]
  },
  "name": "Add Tbl Po Account Payable",
  "layout": "Main"
}