{
  "components": [
    {
      "type": "content",
      "container": "contentContainer0",
      "components": [
        {
          "type": "row",
          "components": [
            {
              "type": "col",
              "class": "col-md-12",
              "components": [
                {
                  "type": "template-form",
                  "name": "form0",
                  "components": [
                    {
                      "type": "row",
                      "style": {
                        "marginBottom": "1rem"
                      },
                      "components": [
                        {
                          "type": "col",
                          "class": "col-md-3",
                          "components": [
                            {
                              "type": "label",
                              "text": "So Detail Status Id",
                              "component": "SODetailStatus_ID",
                              "style": {
                                "width": "100%"
                              }
                            }
                          ]
                        },
                        {
                          "type": "col",
                          "class": "col-md-9",
                          "components": [
                            {
                              "type": "numeric",
                              "name": "SODetailStatus_ID",
                              "style": {
                                "width": "100%"
                              },
                              "value": "${tblsoorderdetailstatus.SODetailStatus_ID}"
                            }
                          ]
                        }
                      ]
                    },
                    {
                      "type": "row",
                      "style": {
                        "marginBottom": "1rem"
                      },
                      "components": [
                        {
                          "type": "col",
                          "class": "col-md-3",
                          "components": [
                            {
                              "type": "label",
                              "text": "So Detail Status Text",
                              "component": "SODetailStatusText",
                              "style": {
                                "width": "100%"
                              }
                            }
                          ]
                        },
                        {
                          "type": "col",
                          "class": "col-md-9",
                          "components": [
                            {
                              "maxLength": 50,
                              "type": "textbox",
                              "name": "SODetailStatusText",
                              "style": {
                                "width": "100%"
                              },
                              "value": "${tblsoorderdetailstatus.SODetailStatusText}"
                            }
                          ]
                        }
                      ]
                    },
                    {
                      "type": "row",
                      "style": {
                        "marginBottom": "1rem"
                      },
                      "components": [
                        {
                          "type": "col",
                          "class": "col-md-3",
                          "components": [
                            {
                              "type": "label",
                              "text": "Description",
                              "component": "Description",
                              "style": {
                                "width": "100%"
                              }
                            }
                          ]
                        },
                        {
                          "type": "col",
                          "class": "col-md-9",
                          "components": [
                            {
                              "maxLength": 255,
                              "type": "textbox",
                              "name": "Description",
                              "style": {
                                "width": "100%"
                              },
                              "value": "${tblsoorderdetailstatus.Description}"
                            }
                          ]
                        }
                      ]
                    },
                    {
                      "type": "row",
                      "components": [
                        {
                          "type": "col",
                          "class": "col offset-sm-3",
                          "components": [
                            {
                              "type": "button",
                              "buttonType": "submit",
                              "icon": "save",
                              "text": "Save",
                              "buttonStyle": "primary"
                            },
                            {
                              "type": "button",
                              "buttonStyle": "light",
                              "text": "Cancel",
                              "events": {
                                "click": [
                                  {
                                    "type": "close-popup"
                                  }
                                ]
                              }
                            }
                          ]
                        }
                      ]
                    }
                  ],
                  "events": {
                    "submit": [
                      {
                        "error": [
                          {
                            "detail": "Unable to create new TblSoOrderDetailStatus!",
                            "severity": "error",
                            "summary": "Error",
                            "type": "notify"
                          }
                        ],
                        "name": "CanERP_DB_AT132.createTblSoOrderDetailStatus",
                        "parameters": [
                          {
                            "name": "TblSoOrderDetailStatus",
                            "value": "${tblsoorderdetailstatus}"
                          }
                        ],
                        "then": [
                          {
                            "type": "close-popup",
                            "result": "${tblsoorderdetailstatus}"
                          }
                        ],
                        "type": "invoke",
                        "argType": "ErpCan.Models.CanErpDbAt132.TblSoOrderDetailStatus"
                      }
                    ]
                  },
                  "data": "${tblsoorderdetailstatus}",
                  "visible": "${tblsoorderdetailstatus != null}",
                  "itemType": "ErpCan.Models.CanErpDbAt132.TblSoOrderDetailStatus"
                }
              ]
            }
          ]
        }
      ]
    }
  ],
  "events": {
    "load": [
      {
        "name": "tblsoorderdetailstatus",
        "type": "set",
        "value": "new ErpCan.Models.CanErpDbAt132.TblSoOrderDetailStatus()",
        "valueType": "ErpCan.Models.CanErpDbAt132.TblSoOrderDetailStatus"
      }
    ]
  },
  "name": "Add Tbl So Order Detail Status",
  "layout": "Main"
}