{
  "components": [
    {
      "type": "content",
      "container": "contentContainer0",
      "components": [
        {
          "type": "row",
          "components": [
            {
              "type": "col",
              "class": "col-md-12",
              "components": [
                {
                  "type": "template-form",
                  "name": "form0",
                  "components": [
                    {
                      "type": "row",
                      "style": {
                        "marginBottom": "1rem"
                      },
                      "components": [
                        {
                          "type": "col",
                          "class": "col-md-3",
                          "components": [
                            {
                              "type": "label",
                              "text": "Tbl Po Vendor",
                              "component": "Vendor_ID",
                              "style": {
                                "width": "100%"
                              }
                            }
                          ]
                        },
                        {
                          "type": "col",
                          "class": "col-md-9",
                          "components": [
                            {
                              "textProperty": "LastName",
                              "valueProperty": "Vendor_ID",
                              "placeholder": "Choose TblPoVendor",
                              "type": "dropdown",
                              "name": "Vendor_ID",
                              "style": {
                                "display": "block",
                                "width": "100%"
                              },
                              "value": "${tblpoapinvoice.Vendor_ID}"
                            },
                            {
                              "type": "required-validator",
                              "name": "Vendor_IDRequiredValidator",
                              "component": "Vendor_ID",
                              "text": "Vendor_ID is required",
                              "style": {
                                "position": "absolute"
                              }
                            }
                          ]
                        }
                      ]
                    },
                    {
                      "type": "row",
                      "style": {
                        "marginBottom": "1rem"
                      },
                      "components": [
                        {
                          "type": "col",
                          "class": "col-md-3",
                          "components": [
                            {
                              "type": "label",
                              "text": "Invoice No",
                              "component": "Invoice_No",
                              "style": {
                                "width": "100%"
                              }
                            }
                          ]
                        },
                        {
                          "type": "col",
                          "class": "col-md-9",
                          "components": [
                            {
                              "maxLength": 15,
                              "type": "textbox",
                              "name": "Invoice_No",
                              "style": {
                                "display": "block",
                                "width": "100%"
                              },
                              "value": "${tblpoapinvoice.Invoice_No}"
                            },
                            {
                              "type": "required-validator",
                              "name": "Invoice_NoRequiredValidator",
                              "component": "Invoice_No",
                              "text": "Invoice_No is required",
                              "style": {
                                "position": "absolute"
                              }
                            }
                          ]
                        }
                      ]
                    },
                    {
                      "type": "row",
                      "style": {
                        "marginBottom": "1rem"
                      },
                      "components": [
                        {
                          "type": "col",
                          "class": "col-md-3",
                          "components": [
                            {
                              "type": "label",
                              "text": "Invoice Date",
                              "component": "Invoice_Date",
                              "style": {
                                "width": "100%"
                              }
                            }
                          ]
                        },
                        {
                          "type": "col",
                          "class": "col-md-9",
                          "components": [
                            {
                              "dateFormat": "MM/dd/yyyy",
                              "type": "datepicker",
                              "name": "Invoice_Date",
                              "style": {
                                "width": "100%"
                              },
                              "value": "${tblpoapinvoice.Invoice_Date}"
                            }
                          ]
                        }
                      ]
                    },
                    {
                      "type": "row",
                      "style": {
                        "marginBottom": "1rem"
                      },
                      "components": [
                        {
                          "type": "col",
                          "class": "col-md-3",
                          "components": [
                            {
                              "type": "label",
                              "text": "Po Id",
                              "component": "PO_ID",
                              "style": {
                                "width": "100%"
                              }
                            }
                          ]
                        },
                        {
                          "type": "col",
                          "class": "col-md-9",
                          "components": [
                            {
                              "maxLength": 15,
                              "type": "textbox",
                              "name": "PO_ID",
                              "style": {
                                "width": "100%"
                              },
                              "value": "${tblpoapinvoice.PO_ID}"
                            }
                          ]
                        }
                      ]
                    },
                    {
                      "type": "row",
                      "style": {
                        "marginBottom": "1rem"
                      },
                      "components": [
                        {
                          "type": "col",
                          "class": "col-md-3",
                          "components": [
                            {
                              "type": "label",
                              "text": "Po Date",
                              "component": "PO_Date",
                              "style": {
                                "width": "100%"
                              }
                            }
                          ]
                        },
                        {
                          "type": "col",
                          "class": "col-md-9",
                          "components": [
                            {
                              "dateFormat": "MM/dd/yyyy",
                              "type": "datepicker",
                              "name": "PO_Date",
                              "style": {
                                "width": "100%"
                              },
                              "value": "${tblpoapinvoice.PO_Date}"
                            }
                          ]
                        }
                      ]
                    },
                    {
                      "type": "row",
                      "style": {
                        "marginBottom": "1rem"
                      },
                      "components": [
                        {
                          "type": "col",
                          "class": "col-md-3",
                          "components": [
                            {
                              "type": "label",
                              "text": "Description",
                              "component": "Description",
                              "style": {
                                "width": "100%"
                              }
                            }
                          ]
                        },
                        {
                          "type": "col",
                          "class": "col-md-9",
                          "components": [
                            {
                              "maxLength": 150,
                              "type": "textbox",
                              "name": "Description",
                              "style": {
                                "width": "100%"
                              },
                              "value": "${tblpoapinvoice.Description}"
                            }
                          ]
                        }
                      ]
                    },
                    {
                      "type": "row",
                      "style": {
                        "marginBottom": "1rem"
                      },
                      "components": [
                        {
                          "type": "col",
                          "class": "col-md-3",
                          "components": [
                            {
                              "type": "label",
                              "text": "Invoice Amount",
                              "component": "Invoice_Amount",
                              "style": {
                                "width": "100%"
                              }
                            }
                          ]
                        },
                        {
                          "type": "col",
                          "class": "col-md-9",
                          "components": [
                            {
                              "type": "numeric",
                              "name": "Invoice_Amount",
                              "style": {
                                "width": "100%"
                              },
                              "value": "${tblpoapinvoice.Invoice_Amount}"
                            }
                          ]
                        }
                      ]
                    },
                    {
                      "type": "row",
                      "style": {
                        "marginBottom": "1rem"
                      },
                      "components": [
                        {
                          "type": "col",
                          "class": "col-md-3",
                          "components": [
                            {
                              "type": "label",
                              "text": "Discount Amount",
                              "component": "Discount_Amount",
                              "style": {
                                "width": "100%"
                              }
                            }
                          ]
                        },
                        {
                          "type": "col",
                          "class": "col-md-9",
                          "components": [
                            {
                              "type": "numeric",
                              "name": "Discount_Amount",
                              "style": {
                                "width": "100%"
                              },
                              "value": "${tblpoapinvoice.Discount_Amount}"
                            }
                          ]
                        }
                      ]
                    },
                    {
                      "type": "row",
                      "style": {
                        "marginBottom": "1rem"
                      },
                      "components": [
                        {
                          "type": "col",
                          "class": "col-md-3",
                          "components": [
                            {
                              "type": "label",
                              "text": "Due Date",
                              "component": "Due_Date",
                              "style": {
                                "width": "100%"
                              }
                            }
                          ]
                        },
                        {
                          "type": "col",
                          "class": "col-md-9",
                          "components": [
                            {
                              "dateFormat": "MM/dd/yyyy",
                              "type": "datepicker",
                              "name": "Due_Date",
                              "style": {
                                "width": "100%"
                              },
                              "value": "${tblpoapinvoice.Due_Date}"
                            }
                          ]
                        }
                      ]
                    },
                    {
                      "type": "row",
                      "style": {
                        "marginBottom": "1rem"
                      },
                      "components": [
                        {
                          "type": "col",
                          "class": "col-md-3",
                          "components": [
                            {
                              "type": "label",
                              "text": "Paid",
                              "component": "Paid",
                              "style": {
                                "width": "100%"
                              }
                            }
                          ]
                        },
                        {
                          "type": "col",
                          "class": "col-md-9",
                          "components": [
                            {
                              "type": "checkbox",
                              "name": "Paid",
                              "triState": true,
                              "value": "${tblpoapinvoice.Paid}"
                            }
                          ]
                        }
                      ]
                    },
                    {
                      "type": "row",
                      "components": [
                        {
                          "type": "col",
                          "class": "col offset-sm-3",
                          "components": [
                            {
                              "type": "button",
                              "buttonType": "submit",
                              "icon": "save",
                              "text": "Save",
                              "buttonStyle": "primary"
                            },
                            {
                              "type": "button",
                              "buttonStyle": "light",
                              "text": "Cancel",
                              "events": {
                                "click": [
                                  {
                                    "type": "close-popup"
                                  }
                                ]
                              }
                            }
                          ]
                        }
                      ]
                    }
                  ],
                  "events": {
                    "submit": []
                  },
                  "data": "${tblpoapinvoice}",
                  "visible": "${tblpoapinvoice != null}",
                  "itemType": "ErpCan.Models.CanErpDbAt132.TblPoApInvoice"
                }
              ]
            }
          ]
        }
      ]
    }
  ],
  "events": {
    "load": [
      {
        "name": "tblpoapinvoice",
        "type": "set",
        "value": "new ErpCan.Models.CanErpDbAt132.TblPoApInvoice()",
        "valueType": "ErpCan.Models.CanErpDbAt132.TblPoApInvoice"
      }
    ]
  },
  "name": "Add Tbl Po Ap Invoice",
  "layout": "Main"
}