{
  "components": [
    {
      "components": [
        {
          "components": [
            {
              "class": "col-md-12",
              "components": [
                {
                  "components": [
                    {
                      "components": [
                        {
                          "class": "col-md-3",
                          "components": [
                            {
                              "component": "Classifi_ID",
                              "style": {
                                "width": "100%"
                              },
                              "text": "Classifi Id",
                              "type": "label"
                            }
                          ],
                          "type": "col"
                        },
                        {
                          "class": "col-md-9",
                          "components": [
                            {
                              "maxLength": 11,
                              "name": "Classifi_ID",
                              "style": {
                                "display": "block",
                                "width": "100%"
                              },
                              "type": "textbox",
                              "value": "${tblicclassification.Classifi_ID}"
                            },
                            {
                              "component": "Classifi_ID",
                              "name": "Classifi_IDRequiredValidator",
                              "style": {
                                "position": "absolute"
                              },
                              "text": "Classifi_ID is required",
                              "type": "required-validator"
                            }
                          ],
                          "type": "col"
                        }
                      ],
                      "style": {
                        "marginBottom": "1rem"
                      },
                      "type": "row"
                    },
                    {
                      "components": [
                        {
                          "class": "col-md-3",
                          "components": [
                            {
                              "component": "Classifi_Name",
                              "style": {
                                "width": "100%"
                              },
                              "text": "Classifi Name",
                              "type": "label"
                            }
                          ],
                          "type": "col"
                        },
                        {
                          "class": "col-md-9",
                          "components": [
                            {
                              "maxLength": 50,
                              "name": "Classifi_Name",
                              "style": {
                                "width": "100%"
                              },
                              "type": "textbox",
                              "value": "${tblicclassification.Classifi_Name}"
                            }
                          ],
                          "type": "col"
                        }
                      ],
                      "style": {
                        "marginBottom": "1rem"
                      },
                      "type": "row"
                    },
                    {
                      "components": [
                        {
                          "class": "col-md-3",
                          "components": [
                            {
                              "component": "Inactive",
                              "style": {
                                "width": "100%"
                              },
                              "text": "Inactive",
                              "type": "label"
                            }
                          ],
                          "type": "col"
                        },
                        {
                          "class": "col-md-9",
                          "components": [
                            {
                              "name": "Inactive",
                              "triState": true,
                              "type": "checkbox",
                              "value": "${tblicclassification.Inactive}"
                            }
                          ],
                          "type": "col"
                        }
                      ],
                      "style": {
                        "marginBottom": "1rem"
                      },
                      "type": "row"
                    },
                    {
                      "components": [
                        {
                          "class": "col offset-sm-3",
                          "components": [
                            {
                              "buttonStyle": "primary",
                              "buttonType": "submit",
                              "icon": "save",
                              "text": "Save",
                              "type": "button"
                            },
                            {
                              "buttonStyle": "light",
                              "events": {
                                "click": [
                                  {
                                    "type": "close-popup"
                                  }
                                ]
                              },
                              "text": "Cancel",
                              "type": "button"
                            }
                          ],
                          "type": "col"
                        }
                      ],
                      "type": "row"
                    }
                  ],
                  "data": "${tblicclassification}",
                  "events": {
                    "submit": []
                  },
                  "itemType": "ErpCan.Models.CanErpDbAt132.TblIcClassification",
                  "name": "form0",
                  "type": "template-form",
                  "visible": "${tblicclassification != null}"
                }
              ],
              "type": "col"
            }
          ],
          "type": "row"
        }
      ],
      "container": "contentContainer0",
      "type": "content"
    }
  ],
  "events": {
    "load": [
      {
        "name": "tblicclassification",
        "type": "set",
        "value": "new ErpCan.Models.CanErpDbAt132.TblIcClassification()",
        "valueType": "ErpCan.Models.CanErpDbAt132.TblIcClassification"
      }
    ]
  },
  "layout": "Main",
  "name": "Add Tbl Ic Classification"
}