{
  "components": [
    {
      "type": "content",
      "container": "contentContainer0",
      "components": [
        {
          "type": "row",
          "components": [
            {
              "type": "col",
              "class": "col-md-12",
              "components": [
                {
                  "type": "template-form",
                  "name": "form0",
                  "components": [
                    {
                      "type": "row",
                      "style": {
                        "marginBottom": "1rem"
                      },
                      "components": [
                        {
                          "type": "col",
                          "class": "col-md-3",
                          "components": [
                            {
                              "type": "label",
                              "text": "Gender Id",
                              "component": "Gender_ID",
                              "style": {
                                "width": "100%"
                              }
                            }
                          ]
                        },
                        {
                          "type": "col",
                          "class": "col-md-9",
                          "components": [
                            {
                              "maxLength": 6,
                              "type": "textbox",
                              "name": "Gender_ID",
                              "style": {
                                "width": "100%"
                              },
                              "value": "${tblgngender.Gender_ID}"
                            }
                          ]
                        }
                      ]
                    },
                    {
                      "type": "row",
                      "style": {
                        "marginBottom": "1rem"
                      },
                      "components": [
                        {
                          "type": "col",
                          "class": "col-md-3",
                          "components": [
                            {
                              "type": "label",
                              "text": "Gender",
                              "component": "Gender",
                              "style": {
                                "width": "100%"
                              }
                            }
                          ]
                        },
                        {
                          "type": "col",
                          "class": "col-md-9",
                          "components": [
                            {
                              "maxLength": 10,
                              "type": "textbox",
                              "name": "Gender",
                              "style": {
                                "width": "100%"
                              },
                              "value": "${tblgngender.Gender}"
                            }
                          ]
                        }
                      ]
                    },
                    {
                      "type": "row",
                      "components": [
                        {
                          "type": "col",
                          "class": "col offset-sm-3",
                          "components": [
                            {
                              "type": "button",
                              "buttonType": "submit",
                              "icon": "save",
                              "text": "Save",
                              "buttonStyle": "primary"
                            },
                            {
                              "type": "button",
                              "buttonStyle": "light",
                              "text": "Cancel",
                              "events": {
                                "click": [
                                  {
                                    "type": "close-popup"
                                  }
                                ]
                              }
                            }
                          ]
                        }
                      ]
                    }
                  ],
                  "events": {
                    "submit": []
                  },
                  "data": "${tblgngender}",
                  "visible": "${tblgngender != null}",
                  "itemType": "ErpCan.Models.CanErpDbAt132.TblGnGender"
                }
              ]
            }
          ]
        }
      ]
    }
  ],
  "events": {
    "load": [
      {
        "name": "tblgngender",
        "type": "set",
        "value": "new ErpCan.Models.CanErpDbAt132.TblGnGender()",
        "valueType": "ErpCan.Models.CanErpDbAt132.TblGnGender"
      }
    ]
  },
  "name": "Add Tbl Gn Gender",
  "layout": "Main"
}