{
  "components": [
    {
      "components": [
        {
          "components": [
            {
              "class": "col-md-12",
              "components": [
                {
                  "components": [
                    {
                      "components": [
                        {
                          "class": "col-md-3",
                          "components": [
                            {
                              "component": "Department_ID",
                              "style": {
                                "width": "100%"
                              },
                              "text": "Mã Phòng Ban",
                              "type": "label"
                            }
                          ],
                          "type": "col"
                        },
                        {
                          "class": "col-md-9",
                          "components": [
                            {
                              "maxLength": 5,
                              "name": "Department_ID",
                              "style": {
                                "display": "block",
                                "width": "100%"
                              },
                              "type": "textbox",
                              "value": "${tblgndepartment.Department_ID}"
                            },
                            {
                              "component": "Department_ID",
                              "name": "Department_IDRequiredValidator",
                              "style": {
                                "position": "absolute"
                              },
                              "text": "Department_ID is required",
                              "type": "required-validator"
                            }
                          ],
                          "type": "col"
                        }
                      ],
                      "style": {
                        "marginBottom": "1rem"
                      },
                      "type": "row"
                    },
                    {
                      "components": [
                        {
                          "class": "col-md-3",
                          "components": [
                            {
                              "component": "Deparment_Name",
                              "style": {
                                "width": "100%"
                              },
                              "text": "Tên Phòng Ban",
                              "type": "label"
                            }
                          ],
                          "type": "col"
                        },
                        {
                          "class": "col-md-9",
                          "components": [
                            {
                              "maxLength": 15,
                              "name": "Deparment_Name",
                              "style": {
                                "width": "100%"
                              },
                              "type": "textbox",
                              "value": "${tblgndepartment.Deparment_Name}"
                            }
                          ],
                          "type": "col"
                        }
                      ],
                      "style": {
                        "marginBottom": "1rem"
                      },
                      "type": "row"
                    },
                    {
                      "components": [
                        {
                          "class": "col-md-3",
                          "components": [
                            {
                              "component": "Description",
                              "style": {
                                "width": "100%"
                              },
                              "text": "Diễn Giải",
                              "type": "label"
                            }
                          ],
                          "type": "col"
                        },
                        {
                          "class": "col-md-9",
                          "components": [
                            {
                              "maxLength": 150,
                              "name": "Description",
                              "style": {
                                "width": "100%"
                              },
                              "type": "textbox",
                              "value": "${tblgndepartment.Description}"
                            }
                          ],
                          "type": "col"
                        }
                      ],
                      "style": {
                        "marginBottom": "1rem"
                      },
                      "type": "row"
                    },
                    {
                      "components": [
                        {
                          "class": "col offset-sm-3",
                          "components": [
                            {
                              "buttonStyle": "primary",
                              "buttonType": "submit",
                              "icon": "save",
                              "text": "Save",
                              "type": "button"
                            },
                            {
                              "buttonStyle": "light",
                              "events": {
                                "click": [
                                  {
                                    "type": "close-popup"
                                  }
                                ]
                              },
                              "text": "Cancel",
                              "type": "button"
                            }
                          ],
                          "type": "col"
                        }
                      ],
                      "type": "row"
                    }
                  ],
                  "data": "${tblgndepartment}",
                  "events": {
                    "submit": []
                  },
                  "itemType": "ErpCan.Models.CanErpDbAt132.TblGnDepartment",
                  "name": "form0",
                  "type": "template-form",
                  "visible": "${tblgndepartment != null}"
                }
              ],
              "type": "col"
            }
          ],
          "type": "row"
        }
      ],
      "container": "contentContainer0",
      "type": "content"
    }
  ],
  "events": {
    "load": [
      {
        "name": "tblgndepartment",
        "type": "set",
        "value": "new ErpCan.Models.CanErpDbAt132.TblGnDepartment()",
        "valueType": "ErpCan.Models.CanErpDbAt132.TblGnDepartment"
      }
    ]
  },
  "layout": "Main",
  "name": "Add Tbl Gn Department"
}