{
  "components": [
    {
      "type": "content",
      "container": "contentContainer0",
      "components": [
        {
          "type": "row",
          "components": [
            {
              "type": "col",
              "class": "col-md-12",
              "components": [
                {
                  "type": "template-form",
                  "name": "form0",
                  "components": [
                    {
                      "type": "row",
                      "style": {
                        "marginBottom": "1rem"
                      },
                      "components": [
                        {
                          "type": "col",
                          "class": "col-md-3",
                          "components": [
                            {
                              "type": "label",
                              "text": "Unit Text",
                              "component": "UnitText",
                              "style": {
                                "width": "100%"
                              }
                            }
                          ]
                        },
                        {
                          "type": "col",
                          "class": "col-md-9",
                          "components": [
                            {
                              "maxLength": 25,
                              "type": "textbox",
                              "name": "UnitText",
                              "style": {
                                "display": "block",
                                "width": "100%"
                              },
                              "value": "${tblicunit.UnitText}"
                            },
                            {
                              "type": "required-validator",
                              "name": "UnitTextRequiredValidator",
                              "component": "UnitText",
                              "text": "UnitText is required",
                              "style": {
                                "position": "absolute"
                              }
                            }
                          ]
                        }
                      ]
                    },
                    {
                      "type": "row",
                      "style": {
                        "marginBottom": "1rem"
                      },
                      "components": [
                        {
                          "type": "col",
                          "class": "col-md-3",
                          "components": [
                            {
                              "type": "label",
                              "text": "Unit Fk",
                              "component": "Unit_FK",
                              "style": {
                                "width": "100%"
                              }
                            }
                          ]
                        },
                        {
                          "type": "col",
                          "class": "col-md-9",
                          "components": [
                            {
                              "maxLength": 20,
                              "type": "textbox",
                              "name": "Unit_FK",
                              "style": {
                                "display": "block",
                                "width": "100%"
                              },
                              "value": "${tblicunit.Unit_FK}"
                            },
                            {
                              "type": "required-validator",
                              "name": "Unit_FKRequiredValidator",
                              "component": "Unit_FK",
                              "text": "Unit_FK is required",
                              "style": {
                                "position": "absolute"
                              }
                            }
                          ]
                        }
                      ]
                    },
                    {
                      "type": "row",
                      "components": [
                        {
                          "type": "col",
                          "class": "col offset-sm-3",
                          "components": [
                            {
                              "type": "button",
                              "buttonType": "submit",
                              "icon": "save",
                              "text": "Save",
                              "buttonStyle": "primary"
                            },
                            {
                              "type": "button",
                              "buttonStyle": "light",
                              "text": "Cancel",
                              "events": {
                                "click": [
                                  {
                                    "type": "close-popup"
                                  }
                                ]
                              }
                            }
                          ]
                        }
                      ]
                    }
                  ],
                  "events": {
                    "submit": []
                  },
                  "data": "${tblicunit}",
                  "visible": "${tblicunit != null}",
                  "itemType": "ErpCan.Models.CanErpDbAt132.TblIcUnit"
                }
              ]
            }
          ]
        }
      ]
    }
  ],
  "events": {
    "load": [
      {
        "name": "tblicunit",
        "type": "set",
        "value": "new ErpCan.Models.CanErpDbAt132.TblIcUnit()",
        "valueType": "ErpCan.Models.CanErpDbAt132.TblIcUnit"
      }
    ]
  },
  "name": "Add Tbl Ic Unit",
  "layout": "Main"
}