{
  "components": [
    {
      "type": "content",
      "container": "contentContainer0",
      "components": [
        {
          "components": [
            {
              "class": "col-md-9",
              "components": [
                {
                  "name": "closeLabel",
                  "style": {
                    "fontWeight": "bold"
                  },
                  "text": "Item no longer available.",
                  "type": "label",
                  "visible": "${!canEdit}"
                }
              ],
              "name": "col0",
              "type": "col"
            },
            {
              "class": "col-md-3",
              "components": [
                {
                  "buttonStyle": "secondary",
                  "events": {
                    "click": [
                      {
                        "type": "close-popup"
                      }
                    ]
                  },
                  "icon": "",
                  "name": "closeButton",
                  "style": {
                    "marginBottom": "20px"
                  },
                  "text": "Close",
                  "type": "button",
                  "visible": "${!canEdit}"
                }
              ],
              "name": "col1",
              "type": "col"
            }
          ],
          "name": "row0",
          "style": {},
          "type": "row"
        },
        {
          "type": "row",
          "components": [
            {
              "type": "col",
              "class": "col-md-12",
              "components": [
                {
                  "type": "template-form",
                  "name": "form0",
                  "components": [
                    {
                      "type": "row",
                      "style": {
                        "marginBottom": "1rem"
                      },
                      "components": [
                        {
                          "type": "col",
                          "class": "col-md-3",
                          "components": [
                            {
                              "type": "label",
                              "text": "Vendor Id",
                              "component": "Vendor_ID",
                              "name": "Vendor_IDLabel",
                              "style": {
                                "width": "100%"
                              }
                            }
                          ]
                        },
                        {
                          "type": "col",
                          "class": "col-md-9",
                          "components": [
                            {
                              "valueType": "string",
                              "maxLength": 10,
                              "type": "textbox",
                              "name": "Vendor_ID",
                              "style": {
                                "display": "block",
                                "width": "100%"
                              },
                              "value": "${tblpovendor.Vendor_ID}"
                            },
                            {
                              "type": "required-validator",
                              "name": "Vendor_IDRequiredValidator",
                              "component": "Vendor_ID",
                              "text": "Vendor_ID is required",
                              "style": {
                                "position": "absolute"
                              }
                            }
                          ]
                        }
                      ]
                    },
                    {
                      "type": "row",
                      "style": {
                        "marginBottom": "1rem"
                      },
                      "components": [
                        {
                          "type": "col",
                          "class": "col-md-3",
                          "components": [
                            {
                              "type": "label",
                              "text": "Last Name",
                              "component": "LastName",
                              "name": "LastNameLabel",
                              "style": {
                                "width": "100%"
                              }
                            }
                          ]
                        },
                        {
                          "type": "col",
                          "class": "col-md-9",
                          "components": [
                            {
                              "valueType": "string",
                              "maxLength": 50,
                              "type": "textbox",
                              "name": "LastName",
                              "style": {
                                "width": "100%"
                              },
                              "value": "${tblpovendor.LastName}"
                            }
                          ]
                        }
                      ]
                    },
                    {
                      "type": "row",
                      "style": {
                        "marginBottom": "1rem"
                      },
                      "components": [
                        {
                          "type": "col",
                          "class": "col-md-3",
                          "components": [
                            {
                              "type": "label",
                              "text": "First Name",
                              "component": "FirstName",
                              "name": "FirstNameLabel",
                              "style": {
                                "width": "100%"
                              }
                            }
                          ]
                        },
                        {
                          "type": "col",
                          "class": "col-md-9",
                          "components": [
                            {
                              "valueType": "string",
                              "maxLength": 50,
                              "type": "textbox",
                              "name": "FirstName",
                              "style": {
                                "width": "100%"
                              },
                              "value": "${tblpovendor.FirstName}"
                            }
                          ]
                        }
                      ]
                    },
                    {
                      "type": "row",
                      "style": {
                        "marginBottom": "1rem"
                      },
                      "components": [
                        {
                          "type": "col",
                          "class": "col-md-3",
                          "components": [
                            {
                              "type": "label",
                              "text": "Tbl Gn Address Book",
                              "component": "VendorAddressBook_FK",
                              "name": "VendorAddressBook_FKLabel",
                              "style": {
                                "width": "100%"
                              }
                            }
                          ]
                        },
                        {
                          "type": "col",
                          "class": "col-md-9",
                          "components": [
                            {
                              "data": "${getTblGnAddressBooksResult}",
                              "textProperty": "AddressBook_ID",
                              "valueProperty": "AddressBook_SEQ",
                              "placeholder": "Choose TblGnAddressBook",
                              "valueType": "int?",
                              "type": "dropdown",
                              "name": "VendorAddressBook_FK",
                              "style": {
                                "width": "100%"
                              },
                              "value": "${tblpovendor.VendorAddressBook_FK}"
                            }
                          ]
                        }
                      ]
                    },
                    {
                      "type": "row",
                      "style": {
                        "marginBottom": "1rem"
                      },
                      "components": [
                        {
                          "type": "col",
                          "class": "col-md-3",
                          "components": [
                            {
                              "type": "label",
                              "text": "Performing Rating",
                              "component": "Performing_Rating",
                              "name": "Performing_RatingLabel",
                              "style": {
                                "width": "100%"
                              }
                            }
                          ]
                        },
                        {
                          "type": "col",
                          "class": "col-md-9",
                          "components": [
                            {
                              "valueType": "string",
                              "maxLength": 10,
                              "type": "textbox",
                              "name": "Performing_Rating",
                              "style": {
                                "width": "100%"
                              },
                              "value": "${tblpovendor.Performing_Rating}"
                            }
                          ]
                        }
                      ]
                    },
                    {
                      "type": "row",
                      "style": {
                        "marginBottom": "1rem"
                      },
                      "components": [
                        {
                          "type": "col",
                          "class": "col-md-3",
                          "components": [
                            {
                              "type": "label",
                              "text": "Ap Balance",
                              "component": "AP_Balance",
                              "name": "AP_BalanceLabel",
                              "style": {
                                "width": "100%"
                              }
                            }
                          ]
                        },
                        {
                          "type": "col",
                          "class": "col-md-9",
                          "components": [
                            {
                              "valueType": "decimal?",
                              "type": "numeric",
                              "name": "AP_Balance",
                              "style": {
                                "width": "100%"
                              },
                              "value": "${tblpovendor.AP_Balance}"
                            }
                          ]
                        }
                      ]
                    },
                    {
                      "type": "row",
                      "style": {
                        "marginBottom": "1rem"
                      },
                      "components": [
                        {
                          "type": "col",
                          "class": "col-md-3",
                          "components": [
                            {
                              "type": "label",
                              "text": "Outstand Inv Amt",
                              "component": "Outstand_Inv_Amt",
                              "name": "Outstand_Inv_AmtLabel",
                              "style": {
                                "width": "100%"
                              }
                            }
                          ]
                        },
                        {
                          "type": "col",
                          "class": "col-md-9",
                          "components": [
                            {
                              "valueType": "decimal?",
                              "type": "numeric",
                              "name": "Outstand_Inv_Amt",
                              "style": {
                                "width": "100%"
                              },
                              "value": "${tblpovendor.Outstand_Inv_Amt}"
                            }
                          ]
                        }
                      ]
                    },
                    {
                      "type": "row",
                      "style": {
                        "marginBottom": "1rem"
                      },
                      "components": [
                        {
                          "type": "col",
                          "class": "col-md-3",
                          "components": [
                            {
                              "type": "label",
                              "text": "Outstand Credit",
                              "component": "Outstand_Credit",
                              "name": "Outstand_CreditLabel",
                              "style": {
                                "width": "100%"
                              }
                            }
                          ]
                        },
                        {
                          "type": "col",
                          "class": "col-md-9",
                          "components": [
                            {
                              "valueType": "decimal?",
                              "type": "numeric",
                              "name": "Outstand_Credit",
                              "style": {
                                "width": "100%"
                              },
                              "value": "${tblpovendor.Outstand_Credit}"
                            }
                          ]
                        }
                      ]
                    },
                    {
                      "type": "row",
                      "style": {
                        "marginBottom": "1rem"
                      },
                      "components": [
                        {
                          "type": "col",
                          "class": "col-md-3",
                          "components": [
                            {
                              "type": "label",
                              "text": "Last Purchase Date",
                              "component": "Last_Purchase_Date",
                              "name": "Last_Purchase_DateLabel",
                              "style": {
                                "width": "100%"
                              }
                            }
                          ]
                        },
                        {
                          "type": "col",
                          "class": "col-md-9",
                          "components": [
                            {
                              "valueType": "DateTime?",
                              "dateFormat": "MM/dd/yyyy",
                              "type": "datepicker",
                              "name": "Last_Purchase_Date",
                              "style": {
                                "width": "100%"
                              },
                              "value": "${tblpovendor.Last_Purchase_Date}"
                            }
                          ]
                        }
                      ]
                    },
                    {
                      "type": "row",
                      "style": {
                        "marginBottom": "1rem"
                      },
                      "components": [
                        {
                          "type": "col",
                          "class": "col-md-3",
                          "components": [
                            {
                              "type": "label",
                              "text": "Last Payment Date",
                              "component": "Last_Payment_Date",
                              "name": "Last_Payment_DateLabel",
                              "style": {
                                "width": "100%"
                              }
                            }
                          ]
                        },
                        {
                          "type": "col",
                          "class": "col-md-9",
                          "components": [
                            {
                              "valueType": "DateTime?",
                              "dateFormat": "MM/dd/yyyy",
                              "type": "datepicker",
                              "name": "Last_Payment_Date",
                              "style": {
                                "width": "100%"
                              },
                              "value": "${tblpovendor.Last_Payment_Date}"
                            }
                          ]
                        }
                      ]
                    },
                    {
                      "type": "row",
                      "style": {
                        "marginBottom": "1rem"
                      },
                      "components": [
                        {
                          "type": "col",
                          "class": "col-md-3",
                          "components": [
                            {
                              "type": "label",
                              "text": "Mtd Purchase",
                              "component": "MTD_Purchase",
                              "name": "MTD_PurchaseLabel",
                              "style": {
                                "width": "100%"
                              }
                            }
                          ]
                        },
                        {
                          "type": "col",
                          "class": "col-md-9",
                          "components": [
                            {
                              "valueType": "decimal?",
                              "type": "numeric",
                              "name": "MTD_Purchase",
                              "style": {
                                "width": "100%"
                              },
                              "value": "${tblpovendor.MTD_Purchase}"
                            }
                          ]
                        }
                      ]
                    },
                    {
                      "type": "row",
                      "style": {
                        "marginBottom": "1rem"
                      },
                      "components": [
                        {
                          "type": "col",
                          "class": "col-md-3",
                          "components": [
                            {
                              "type": "label",
                              "text": "Ytd Purchase",
                              "component": "YTD_Purchase",
                              "name": "YTD_PurchaseLabel",
                              "style": {
                                "width": "100%"
                              }
                            }
                          ]
                        },
                        {
                          "type": "col",
                          "class": "col-md-9",
                          "components": [
                            {
                              "valueType": "decimal?",
                              "type": "numeric",
                              "name": "YTD_Purchase",
                              "style": {
                                "width": "100%"
                              },
                              "value": "${tblpovendor.YTD_Purchase}"
                            }
                          ]
                        }
                      ]
                    },
                    {
                      "type": "row",
                      "style": {
                        "marginBottom": "1rem"
                      },
                      "components": [
                        {
                          "type": "col",
                          "class": "col-md-3",
                          "components": [
                            {
                              "type": "label",
                              "text": "Lyr Purchase",
                              "component": "LYR_Purchase",
                              "name": "LYR_PurchaseLabel",
                              "style": {
                                "width": "100%"
                              }
                            }
                          ]
                        },
                        {
                          "type": "col",
                          "class": "col-md-9",
                          "components": [
                            {
                              "valueType": "decimal?",
                              "type": "numeric",
                              "name": "LYR_Purchase",
                              "style": {
                                "width": "100%"
                              },
                              "value": "${tblpovendor.LYR_Purchase}"
                            }
                          ]
                        }
                      ]
                    },
                    {
                      "type": "row",
                      "style": {
                        "marginBottom": "1rem"
                      },
                      "components": [
                        {
                          "type": "col",
                          "class": "col-md-3",
                          "components": [
                            {
                              "type": "label",
                              "text": "Notes",
                              "component": "Notes",
                              "name": "NotesLabel",
                              "style": {
                                "width": "100%"
                              }
                            }
                          ]
                        },
                        {
                          "type": "col",
                          "class": "col-md-9",
                          "components": [
                            {
                              "valueType": "string",
                              "type": "textbox",
                              "name": "Notes",
                              "style": {
                                "width": "100%"
                              },
                              "value": "${tblpovendor.Notes}"
                            }
                          ]
                        }
                      ]
                    },
                    {
                      "type": "row",
                      "style": {
                        "marginBottom": "1rem"
                      },
                      "components": [
                        {
                          "type": "col",
                          "class": "col-md-3",
                          "components": [
                            {
                              "type": "label",
                              "text": "Inactive",
                              "component": "Inactive",
                              "name": "InactiveLabel",
                              "style": {
                                "width": "100%"
                              }
                            }
                          ]
                        },
                        {
                          "type": "col",
                          "class": "col-md-9",
                          "components": [
                            {
                              "valueType": "bool?",
                              "type": "checkbox",
                              "name": "Inactive",
                              "triState": true,
                              "value": "${tblpovendor.Inactive}"
                            }
                          ]
                        }
                      ]
                    },
                    {
                      "type": "row",
                      "components": [
                        {
                          "type": "col",
                          "class": "col offset-sm-3",
                          "components": [
                            {
                              "type": "button",
                              "buttonType": "submit",
                              "icon": "save",
                              "text": "Save",
                              "buttonStyle": "primary"
                            },
                            {
                              "type": "button",
                              "buttonStyle": "light",
                              "text": "Cancel",
                              "events": {
                                "click": [
                                  {
                                    "type": "close-popup"
                                  }
                                ]
                              }
                            }
                          ]
                        }
                      ]
                    }
                  ],
                  "events": {
                    "submit": [
                      {
                        "error": [
                          {
                            "detail": "Unable to update TblPoVendor",
                            "severity": "error",
                            "summary": "Error",
                            "type": "notify"
                          }
                        ],
                        "name": "CanERP_DB_AT132.updateTblPoVendor",
                        "parameters": [
                          {
                            "name": "Vendor_ID",
                            "value": "${parameters.Vendor_ID}"
                          },
                          {
                            "name": "TblPoVendor",
                            "value": "${tblpovendor}"
                          }
                        ],
                        "then": [
                          {
                            "type": "close-popup",
                            "result": "${tblpovendor}"
                          }
                        ],
                        "type": "invoke"
                      }
                    ]
                  },
                  "itemType": "ErpCan.Models.CanErpDbAt132.TblPoVendor",
                  "data": "${tblpovendor}",
                  "visible": "${tblpovendor != null && canEdit}"
                }
              ]
            }
          ]
        }
      ]
    }
  ],
  "events": {
    "load": [
      {
        "name": "canEdit",
        "type": "set",
        "value": "true",
        "valueType": "bool"
      },
      {
        "name": "CanERP_DB_AT132.getTblPoVendorByVendor_ID",
        "parameters": [
          {
            "name": "Vendor_ID",
            "value": "${parameters.Vendor_ID}"
          }
        ],
        "then": [
          {
            "name": "tblpovendor",
            "type": "set",
            "value": "${result}",
            "valueType": "ErpCan.Models.CanErpDbAt132.TblPoVendor"
          }
        ],
        "error": [],
        "type": "invoke"
      },
      {
        "name": "CanERP_DB_AT132.getTblGnAddressBooks",
        "parameters": [],
        "then": [
          {
            "name": "getTblGnAddressBooksResult",
            "type": "set",
            "value": "${result}",
            "valueType": "IEnumerable<ErpCan.Models.CanErpDbAt132.TblGnAddressBook>"
          }
        ],
        "type": "invoke"
      }
    ]
  },
  "name": "Edit Tbl Po Vendor",
  "layout": "Main"
}