{
  "components": [
    {
      "components": [
        {
          "components": [
            {
              "class": "col-md-9",
              "components": [
                {
                  "name": "closeLabel",
                  "style": {
                    "fontWeight": "bold"
                  },
                  "text": "Item no longer available.",
                  "type": "label",
                  "visible": "${!canEdit}"
                }
              ],
              "name": "col0",
              "type": "col"
            },
            {
              "class": "col-md-3",
              "components": [
                {
                  "buttonStyle": "secondary",
                  "events": {
                    "click": [
                      {
                        "type": "close-popup"
                      }
                    ]
                  },
                  "icon": "",
                  "name": "closeButton",
                  "style": {
                    "marginBottom": "20px"
                  },
                  "text": "Close",
                  "type": "button",
                  "visible": "${!canEdit}"
                }
              ],
              "name": "col1",
              "type": "col"
            }
          ],
          "name": "row0",
          "style": {},
          "type": "row"
        },
        {
          "components": [
            {
              "class": "col-md-12",
              "components": [
                {
                  "components": [
                    {
                      "components": [
                        {
                          "class": "col-md-3",
                          "components": [
                            {
                              "component": "Warehouse_FK",
                              "style": {
                                "width": "100%"
                              },
                              "text": "Tbl Ic Warehouse",
                              "type": "label"
                            }
                          ],
                          "type": "col"
                        },
                        {
                          "class": "col-md-9",
                          "components": [
                            {
                              "name": "Warehouse_FK",
                              "placeholder": "Choose TblIcWarehouse",
                              "style": {
                                "display": "block",
                                "width": "100%"
                              },
                              "textProperty": "WarehouseName",
                              "type": "dropdown",
                              "value": "${tblicinventory.Warehouse_FK}",
                              "valueProperty": "Warehouse_ID"
                            },
                            {
                              "component": "Warehouse_FK",
                              "name": "Warehouse_FKRequiredValidator",
                              "style": {
                                "position": "absolute"
                              },
                              "text": "Warehouse_FK is required",
                              "type": "required-validator"
                            }
                          ],
                          "type": "col"
                        }
                      ],
                      "style": {
                        "marginBottom": "1rem"
                      },
                      "type": "row"
                    },
                    {
                      "components": [
                        {
                          "class": "col-md-3",
                          "components": [
                            {
                              "component": "Category_FK",
                              "style": {
                                "width": "100%"
                              },
                              "text": "Tbl Ic Category",
                              "type": "label"
                            }
                          ],
                          "type": "col"
                        },
                        {
                          "class": "col-md-9",
                          "components": [
                            {
                              "name": "Category_FK",
                              "placeholder": "Choose TblIcCategory",
                              "style": {
                                "display": "block",
                                "width": "100%"
                              },
                              "textProperty": "CategoryText",
                              "type": "dropdown",
                              "value": "${tblicinventory.Category_FK}",
                              "valueProperty": "Category_ID"
                            },
                            {
                              "component": "Category_FK",
                              "name": "Category_FKRequiredValidator",
                              "style": {
                                "position": "absolute"
                              },
                              "text": "Category_FK is required",
                              "type": "required-validator"
                            }
                          ],
                          "type": "col"
                        }
                      ],
                      "style": {
                        "marginBottom": "1rem"
                      },
                      "type": "row"
                    },
                    {
                      "components": [
                        {
                          "class": "col-md-3",
                          "components": [
                            {
                              "component": "Classifi_FK",
                              "style": {
                                "width": "100%"
                              },
                              "text": "Tbl Ic Classification",
                              "type": "label"
                            }
                          ],
                          "type": "col"
                        },
                        {
                          "class": "col-md-9",
                          "components": [
                            {
                              "name": "Classifi_FK",
                              "placeholder": "Choose TblIcClassification",
                              "style": {
                                "width": "100%"
                              },
                              "textProperty": "Classifi_Name",
                              "type": "dropdown",
                              "value": "${tblicinventory.Classifi_FK}",
                              "valueProperty": "Classifi_ID"
                            }
                          ],
                          "type": "col"
                        }
                      ],
                      "style": {
                        "marginBottom": "1rem"
                      },
                      "type": "row"
                    },
                    {
                      "components": [
                        {
                          "class": "col-md-3",
                          "components": [
                            {
                              "component": "Item_SK",
                              "style": {
                                "width": "100%"
                              },
                              "text": "Tbl Gn Product",
                              "type": "label"
                            }
                          ],
                          "type": "col"
                        },
                        {
                          "class": "col-md-9",
                          "components": [
                            {
                              "name": "Item_SK",
                              "placeholder": "Choose TblGnProduct",
                              "style": {
                                "width": "100%"
                              },
                              "textProperty": "Product_ID",
                              "type": "dropdown",
                              "value": "${tblicinventory.Item_FK}",
                              "valueProperty": "Product_SEQ"
                            }
                          ],
                          "type": "col"
                        }
                      ],
                      "style": {
                        "marginBottom": "1rem"
                      },
                      "type": "row"
                    },
                    {
                      "components": [
                        {
                          "class": "col-md-3",
                          "components": [
                            {
                              "component": "Product_Code",
                              "style": {
                                "width": "100%"
                              },
                              "text": "Product Code",
                              "type": "label"
                            }
                          ],
                          "type": "col"
                        },
                        {
                          "class": "col-md-9",
                          "components": [
                            {
                              "maxLength": 15,
                              "name": "Product_Code",
                              "style": {
                                "width": "100%"
                              },
                              "type": "textbox",
                              "value": "${tblicinventory.Product_Code}"
                            }
                          ],
                          "type": "col"
                        }
                      ],
                      "style": {
                        "marginBottom": "1rem"
                      },
                      "type": "row"
                    },
                    {
                      "components": [
                        {
                          "class": "col-md-3",
                          "components": [
                            {
                              "component": "ProductDesc",
                              "style": {
                                "width": "100%"
                              },
                              "text": "Product Desc",
                              "type": "label"
                            }
                          ],
                          "type": "col"
                        },
                        {
                          "class": "col-md-9",
                          "components": [
                            {
                              "maxLength": 30,
                              "name": "ProductDesc",
                              "style": {
                                "width": "100%"
                              },
                              "type": "textbox",
                              "value": "${tblicinventory.ProductDesc}"
                            }
                          ],
                          "type": "col"
                        }
                      ],
                      "style": {
                        "marginBottom": "1rem"
                      },
                      "type": "row"
                    },
                    {
                      "components": [
                        {
                          "class": "col-md-3",
                          "components": [
                            {
                              "component": "FixAsset",
                              "style": {
                                "width": "100%"
                              },
                              "text": "Fix Asset",
                              "type": "label"
                            }
                          ],
                          "type": "col"
                        },
                        {
                          "class": "col-md-9",
                          "components": [
                            {
                              "name": "FixAsset",
                              "triState": true,
                              "type": "checkbox",
                              "value": "${tblicinventory.FixAsset}"
                            }
                          ],
                          "type": "col"
                        }
                      ],
                      "style": {
                        "marginBottom": "1rem"
                      },
                      "type": "row"
                    },
                    {
                      "components": [
                        {
                          "class": "col-md-3",
                          "components": [
                            {
                              "component": "Unit_FK",
                              "style": {
                                "width": "100%"
                              },
                              "text": "Tbl Ic Unit",
                              "type": "label"
                            }
                          ],
                          "type": "col"
                        },
                        {
                          "class": "col-md-9",
                          "components": [
                            {
                              "name": "Unit_FK",
                              "placeholder": "Choose TblIcUnit",
                              "style": {
                                "width": "100%"
                              },
                              "textProperty": "UnitText",
                              "type": "dropdown",
                              "value": "${tblicinventory.Unit_FK}",
                              "valueProperty": "Unit_SEQ"
                            }
                          ],
                          "type": "col"
                        }
                      ],
                      "style": {
                        "marginBottom": "1rem"
                      },
                      "type": "row"
                    },
                    {
                      "components": [
                        {
                          "class": "col-md-3",
                          "components": [
                            {
                              "component": "QuantityPerUnit",
                              "style": {
                                "width": "100%"
                              },
                              "text": "Quantity Per Unit",
                              "type": "label"
                            }
                          ],
                          "type": "col"
                        },
                        {
                          "class": "col-md-9",
                          "components": [
                            {
                              "name": "QuantityPerUnit",
                              "style": {
                                "width": "100%"
                              },
                              "type": "numeric",
                              "value": "${tblicinventory.QuantityPerUnit}"
                            }
                          ],
                          "type": "col"
                        }
                      ],
                      "style": {
                        "marginBottom": "1rem"
                      },
                      "type": "row"
                    },
                    {
                      "components": [
                        {
                          "class": "col-md-3",
                          "components": [
                            {
                              "component": "Location",
                              "style": {
                                "width": "100%"
                              },
                              "text": "Location",
                              "type": "label"
                            }
                          ],
                          "type": "col"
                        },
                        {
                          "class": "col-md-9",
                          "components": [
                            {
                              "maxLength": 100,
                              "name": "Location",
                              "style": {
                                "width": "100%"
                              },
                              "type": "textbox",
                              "value": "${tblicinventory.Location}"
                            }
                          ],
                          "type": "col"
                        }
                      ],
                      "style": {
                        "marginBottom": "1rem"
                      },
                      "type": "row"
                    },
                    {
                      "components": [
                        {
                          "class": "col-md-3",
                          "components": [
                            {
                              "component": "Taxable",
                              "style": {
                                "width": "100%"
                              },
                              "text": "Taxable",
                              "type": "label"
                            }
                          ],
                          "type": "col"
                        },
                        {
                          "class": "col-md-9",
                          "components": [
                            {
                              "name": "Taxable",
                              "triState": true,
                              "type": "checkbox",
                              "value": "${tblicinventory.Taxable}"
                            }
                          ],
                          "type": "col"
                        }
                      ],
                      "style": {
                        "marginBottom": "1rem"
                      },
                      "type": "row"
                    },
                    {
                      "components": [
                        {
                          "class": "col-md-3",
                          "components": [
                            {
                              "component": "TaxRate",
                              "style": {
                                "width": "100%"
                              },
                              "text": "Tax Rate",
                              "type": "label"
                            }
                          ],
                          "type": "col"
                        },
                        {
                          "class": "col-md-9",
                          "components": [
                            {
                              "name": "TaxRate",
                              "style": {
                                "width": "100%"
                              },
                              "type": "numeric",
                              "value": "${tblicinventory.TaxRate}"
                            }
                          ],
                          "type": "col"
                        }
                      ],
                      "style": {
                        "marginBottom": "1rem"
                      },
                      "type": "row"
                    },
                    {
                      "components": [
                        {
                          "class": "col-md-3",
                          "components": [
                            {
                              "component": "ROP",
                              "style": {
                                "width": "100%"
                              },
                              "text": "Rop",
                              "type": "label"
                            }
                          ],
                          "type": "col"
                        },
                        {
                          "class": "col-md-9",
                          "components": [
                            {
                              "name": "ROP",
                              "style": {
                                "width": "100%"
                              },
                              "type": "numeric",
                              "value": "${tblicinventory.ROP}"
                            }
                          ],
                          "type": "col"
                        }
                      ],
                      "style": {
                        "marginBottom": "1rem"
                      },
                      "type": "row"
                    },
                    {
                      "components": [
                        {
                          "class": "col-md-3",
                          "components": [
                            {
                              "component": "EOQ",
                              "style": {
                                "width": "100%"
                              },
                              "text": "Eoq",
                              "type": "label"
                            }
                          ],
                          "type": "col"
                        },
                        {
                          "class": "col-md-9",
                          "components": [
                            {
                              "name": "EOQ",
                              "style": {
                                "width": "100%"
                              },
                              "type": "numeric",
                              "value": "${tblicinventory.EOQ}"
                            }
                          ],
                          "type": "col"
                        }
                      ],
                      "style": {
                        "marginBottom": "1rem"
                      },
                      "type": "row"
                    },
                    {
                      "components": [
                        {
                          "class": "col-md-3",
                          "components": [
                            {
                              "component": "UnitPrice",
                              "style": {
                                "width": "100%"
                              },
                              "text": "Unit Price",
                              "type": "label"
                            }
                          ],
                          "type": "col"
                        },
                        {
                          "class": "col-md-9",
                          "components": [
                            {
                              "name": "UnitPrice",
                              "style": {
                                "width": "100%"
                              },
                              "type": "numeric",
                              "value": "${tblicinventory.UnitPrice}"
                            }
                          ],
                          "type": "col"
                        }
                      ],
                      "style": {
                        "marginBottom": "1rem"
                      },
                      "type": "row"
                    },
                    {
                      "components": [
                        {
                          "class": "col-md-3",
                          "components": [
                            {
                              "component": "GL_Asset",
                              "style": {
                                "width": "100%"
                              },
                              "text": "Gl Asset",
                              "type": "label"
                            }
                          ],
                          "type": "col"
                        },
                        {
                          "class": "col-md-9",
                          "components": [
                            {
                              "maxLength": 7,
                              "name": "GL_Asset",
                              "style": {
                                "width": "100%"
                              },
                              "type": "textbox",
                              "value": "${tblicinventory.GL_Asset}"
                            }
                          ],
                          "type": "col"
                        }
                      ],
                      "style": {
                        "marginBottom": "1rem"
                      },
                      "type": "row"
                    },
                    {
                      "components": [
                        {
                          "class": "col-md-3",
                          "components": [
                            {
                              "component": "GL_COGS",
                              "style": {
                                "width": "100%"
                              },
                              "text": "Gl Cogs",
                              "type": "label"
                            }
                          ],
                          "type": "col"
                        },
                        {
                          "class": "col-md-9",
                          "components": [
                            {
                              "maxLength": 7,
                              "name": "GL_COGS",
                              "style": {
                                "width": "100%"
                              },
                              "type": "textbox",
                              "value": "${tblicinventory.GL_COGS}"
                            }
                          ],
                          "type": "col"
                        }
                      ],
                      "style": {
                        "marginBottom": "1rem"
                      },
                      "type": "row"
                    },
                    {
                      "components": [
                        {
                          "class": "col-md-3",
                          "components": [
                            {
                              "component": "GL_Sales",
                              "style": {
                                "width": "100%"
                              },
                              "text": "Gl Sales",
                              "type": "label"
                            }
                          ],
                          "type": "col"
                        },
                        {
                          "class": "col-md-9",
                          "components": [
                            {
                              "maxLength": 7,
                              "name": "GL_Sales",
                              "style": {
                                "width": "100%"
                              },
                              "type": "textbox",
                              "value": "${tblicinventory.GL_Sales}"
                            }
                          ],
                          "type": "col"
                        }
                      ],
                      "style": {
                        "marginBottom": "1rem"
                      },
                      "type": "row"
                    },
                    {
                      "components": [
                        {
                          "class": "col-md-3",
                          "components": [
                            {
                              "component": "GL_NonTaxSales",
                              "style": {
                                "width": "100%"
                              },
                              "text": "Gl Non Tax Sales",
                              "type": "label"
                            }
                          ],
                          "type": "col"
                        },
                        {
                          "class": "col-md-9",
                          "components": [
                            {
                              "maxLength": 7,
                              "name": "GL_NonTaxSales",
                              "style": {
                                "width": "100%"
                              },
                              "type": "textbox",
                              "value": "${tblicinventory.GL_NonTaxSales}"
                            }
                          ],
                          "type": "col"
                        }
                      ],
                      "style": {
                        "marginBottom": "1rem"
                      },
                      "type": "row"
                    },
                    {
                      "components": [
                        {
                          "class": "col-md-3",
                          "components": [
                            {
                              "component": "LastSaleDate",
                              "style": {
                                "width": "100%"
                              },
                              "text": "Last Sale Date",
                              "type": "label"
                            }
                          ],
                          "type": "col"
                        },
                        {
                          "class": "col-md-9",
                          "components": [
                            {
                              "dateFormat": "MM/dd/yyyy",
                              "name": "LastSaleDate",
                              "style": {
                                "width": "100%"
                              },
                              "type": "datepicker",
                              "value": "${tblicinventory.LastSaleDate}"
                            }
                          ],
                          "type": "col"
                        }
                      ],
                      "style": {
                        "marginBottom": "1rem"
                      },
                      "type": "row"
                    },
                    {
                      "components": [
                        {
                          "class": "col-md-3",
                          "components": [
                            {
                              "component": "LastPODate",
                              "style": {
                                "width": "100%"
                              },
                              "text": "Last Po Date",
                              "type": "label"
                            }
                          ],
                          "type": "col"
                        },
                        {
                          "class": "col-md-9",
                          "components": [
                            {
                              "dateFormat": "MM/dd/yyyy",
                              "name": "LastPODate",
                              "style": {
                                "width": "100%"
                              },
                              "type": "datepicker",
                              "value": "${tblicinventory.LastPODate}"
                            }
                          ],
                          "type": "col"
                        }
                      ],
                      "style": {
                        "marginBottom": "1rem"
                      },
                      "type": "row"
                    },
                    {
                      "components": [
                        {
                          "class": "col-md-3",
                          "components": [
                            {
                              "component": "LastReceiptDate",
                              "style": {
                                "width": "100%"
                              },
                              "text": "Last Receipt Date",
                              "type": "label"
                            }
                          ],
                          "type": "col"
                        },
                        {
                          "class": "col-md-9",
                          "components": [
                            {
                              "dateFormat": "MM/dd/yyyy",
                              "name": "LastReceiptDate",
                              "style": {
                                "width": "100%"
                              },
                              "type": "datepicker",
                              "value": "${tblicinventory.LastReceiptDate}"
                            }
                          ],
                          "type": "col"
                        }
                      ],
                      "style": {
                        "marginBottom": "1rem"
                      },
                      "type": "row"
                    },
                    {
                      "components": [
                        {
                          "class": "col-md-3",
                          "components": [
                            {
                              "component": "LastCost",
                              "style": {
                                "width": "100%"
                              },
                              "text": "Last Cost",
                              "type": "label"
                            }
                          ],
                          "type": "col"
                        },
                        {
                          "class": "col-md-9",
                          "components": [
                            {
                              "name": "LastCost",
                              "style": {
                                "width": "100%"
                              },
                              "type": "numeric",
                              "value": "${tblicinventory.LastCost}"
                            }
                          ],
                          "type": "col"
                        }
                      ],
                      "style": {
                        "marginBottom": "1rem"
                      },
                      "type": "row"
                    },
                    {
                      "components": [
                        {
                          "class": "col-md-3",
                          "components": [
                            {
                              "component": "EverageCost",
                              "style": {
                                "width": "100%"
                              },
                              "text": "Everage Cost",
                              "type": "label"
                            }
                          ],
                          "type": "col"
                        },
                        {
                          "class": "col-md-9",
                          "components": [
                            {
                              "name": "EverageCost",
                              "style": {
                                "width": "100%"
                              },
                              "type": "numeric",
                              "value": "${tblicinventory.EverageCost}"
                            }
                          ],
                          "type": "col"
                        }
                      ],
                      "style": {
                        "marginBottom": "1rem"
                      },
                      "type": "row"
                    },
                    {
                      "components": [
                        {
                          "class": "col-md-3",
                          "components": [
                            {
                              "component": "Qty_On_Order",
                              "style": {
                                "width": "100%"
                              },
                              "text": "Qty On Order",
                              "type": "label"
                            }
                          ],
                          "type": "col"
                        },
                        {
                          "class": "col-md-9",
                          "components": [
                            {
                              "name": "Qty_On_Order",
                              "style": {
                                "width": "100%"
                              },
                              "type": "numeric",
                              "value": "${tblicinventory.Qty_On_Order}"
                            }
                          ],
                          "type": "col"
                        }
                      ],
                      "style": {
                        "marginBottom": "1rem"
                      },
                      "type": "row"
                    },
                    {
                      "components": [
                        {
                          "class": "col-md-3",
                          "components": [
                            {
                              "component": "Qty_In_Stock",
                              "style": {
                                "width": "100%"
                              },
                              "text": "Qty In Stock",
                              "type": "label"
                            }
                          ],
                          "type": "col"
                        },
                        {
                          "class": "col-md-9",
                          "components": [
                            {
                              "name": "Qty_In_Stock",
                              "style": {
                                "width": "100%"
                              },
                              "type": "numeric",
                              "value": "${tblicinventory.Qty_In_Stock}"
                            }
                          ],
                          "type": "col"
                        }
                      ],
                      "style": {
                        "marginBottom": "1rem"
                      },
                      "type": "row"
                    },
                    {
                      "components": [
                        {
                          "class": "col-md-3",
                          "components": [
                            {
                              "component": "Qty_On_Hand",
                              "style": {
                                "width": "100%"
                              },
                              "text": "Qty On Hand",
                              "type": "label"
                            }
                          ],
                          "type": "col"
                        },
                        {
                          "class": "col-md-9",
                          "components": [
                            {
                              "name": "Qty_On_Hand",
                              "style": {
                                "width": "100%"
                              },
                              "type": "numeric",
                              "value": "${tblicinventory.Qty_On_Hand}"
                            }
                          ],
                          "type": "col"
                        }
                      ],
                      "style": {
                        "marginBottom": "1rem"
                      },
                      "type": "row"
                    },
                    {
                      "components": [
                        {
                          "class": "col-md-3",
                          "components": [
                            {
                              "component": "Qty_Allocated",
                              "style": {
                                "width": "100%"
                              },
                              "text": "Qty Allocated",
                              "type": "label"
                            }
                          ],
                          "type": "col"
                        },
                        {
                          "class": "col-md-9",
                          "components": [
                            {
                              "name": "Qty_Allocated",
                              "style": {
                                "width": "100%"
                              },
                              "type": "numeric",
                              "value": "${tblicinventory.Qty_Allocated}"
                            }
                          ],
                          "type": "col"
                        }
                      ],
                      "style": {
                        "marginBottom": "1rem"
                      },
                      "type": "row"
                    },
                    {
                      "components": [
                        {
                          "class": "col-md-3",
                          "components": [
                            {
                              "component": "MTD_Qty_Sold",
                              "style": {
                                "width": "100%"
                              },
                              "text": "Mtd Qty Sold",
                              "type": "label"
                            }
                          ],
                          "type": "col"
                        },
                        {
                          "class": "col-md-9",
                          "components": [
                            {
                              "name": "MTD_Qty_Sold",
                              "style": {
                                "width": "100%"
                              },
                              "type": "numeric",
                              "value": "${tblicinventory.MTD_Qty_Sold}"
                            }
                          ],
                          "type": "col"
                        }
                      ],
                      "style": {
                        "marginBottom": "1rem"
                      },
                      "type": "row"
                    },
                    {
                      "components": [
                        {
                          "class": "col-md-3",
                          "components": [
                            {
                              "component": "MTD_Gross_Sales",
                              "style": {
                                "width": "100%"
                              },
                              "text": "Mtd Gross Sales",
                              "type": "label"
                            }
                          ],
                          "type": "col"
                        },
                        {
                          "class": "col-md-9",
                          "components": [
                            {
                              "name": "MTD_Gross_Sales",
                              "style": {
                                "width": "100%"
                              },
                              "type": "numeric",
                              "value": "${tblicinventory.MTD_Gross_Sales}"
                            }
                          ],
                          "type": "col"
                        }
                      ],
                      "style": {
                        "marginBottom": "1rem"
                      },
                      "type": "row"
                    },
                    {
                      "components": [
                        {
                          "class": "col-md-3",
                          "components": [
                            {
                              "component": "MTD_COGS",
                              "style": {
                                "width": "100%"
                              },
                              "text": "Mtd Cogs",
                              "type": "label"
                            }
                          ],
                          "type": "col"
                        },
                        {
                          "class": "col-md-9",
                          "components": [
                            {
                              "name": "MTD_COGS",
                              "style": {
                                "width": "100%"
                              },
                              "type": "numeric",
                              "value": "${tblicinventory.MTD_COGS}"
                            }
                          ],
                          "type": "col"
                        }
                      ],
                      "style": {
                        "marginBottom": "1rem"
                      },
                      "type": "row"
                    },
                    {
                      "components": [
                        {
                          "class": "col-md-3",
                          "components": [
                            {
                              "component": "YTD_Qty_Sold",
                              "style": {
                                "width": "100%"
                              },
                              "text": "Ytd Qty Sold",
                              "type": "label"
                            }
                          ],
                          "type": "col"
                        },
                        {
                          "class": "col-md-9",
                          "components": [
                            {
                              "name": "YTD_Qty_Sold",
                              "style": {
                                "width": "100%"
                              },
                              "type": "numeric",
                              "value": "${tblicinventory.YTD_Qty_Sold}"
                            }
                          ],
                          "type": "col"
                        }
                      ],
                      "style": {
                        "marginBottom": "1rem"
                      },
                      "type": "row"
                    },
                    {
                      "components": [
                        {
                          "class": "col-md-3",
                          "components": [
                            {
                              "component": "YTD_Gross_Sales",
                              "style": {
                                "width": "100%"
                              },
                              "text": "Ytd Gross Sales",
                              "type": "label"
                            }
                          ],
                          "type": "col"
                        },
                        {
                          "class": "col-md-9",
                          "components": [
                            {
                              "name": "YTD_Gross_Sales",
                              "style": {
                                "width": "100%"
                              },
                              "type": "numeric",
                              "value": "${tblicinventory.YTD_Gross_Sales}"
                            }
                          ],
                          "type": "col"
                        }
                      ],
                      "style": {
                        "marginBottom": "1rem"
                      },
                      "type": "row"
                    },
                    {
                      "components": [
                        {
                          "class": "col-md-3",
                          "components": [
                            {
                              "component": "YTD_COGS",
                              "style": {
                                "width": "100%"
                              },
                              "text": "Ytd Cogs",
                              "type": "label"
                            }
                          ],
                          "type": "col"
                        },
                        {
                          "class": "col-md-9",
                          "components": [
                            {
                              "name": "YTD_COGS",
                              "style": {
                                "width": "100%"
                              },
                              "type": "numeric",
                              "value": "${tblicinventory.YTD_COGS}"
                            }
                          ],
                          "type": "col"
                        }
                      ],
                      "style": {
                        "marginBottom": "1rem"
                      },
                      "type": "row"
                    },
                    {
                      "components": [
                        {
                          "class": "col-md-3",
                          "components": [
                            {
                              "component": "YTD_Qty_Returned",
                              "style": {
                                "width": "100%"
                              },
                              "text": "Ytd Qty Returned",
                              "type": "label"
                            }
                          ],
                          "type": "col"
                        },
                        {
                          "class": "col-md-9",
                          "components": [
                            {
                              "name": "YTD_Qty_Returned",
                              "style": {
                                "width": "100%"
                              },
                              "type": "numeric",
                              "value": "${tblicinventory.YTD_Qty_Returned}"
                            }
                          ],
                          "type": "col"
                        }
                      ],
                      "style": {
                        "marginBottom": "1rem"
                      },
                      "type": "row"
                    },
                    {
                      "components": [
                        {
                          "class": "col-md-3",
                          "components": [
                            {
                              "component": "LTD_Qty_Sold",
                              "style": {
                                "width": "100%"
                              },
                              "text": "Ltd Qty Sold",
                              "type": "label"
                            }
                          ],
                          "type": "col"
                        },
                        {
                          "class": "col-md-9",
                          "components": [
                            {
                              "name": "LTD_Qty_Sold",
                              "style": {
                                "width": "100%"
                              },
                              "type": "numeric",
                              "value": "${tblicinventory.LTD_Qty_Sold}"
                            }
                          ],
                          "type": "col"
                        }
                      ],
                      "style": {
                        "marginBottom": "1rem"
                      },
                      "type": "row"
                    },
                    {
                      "components": [
                        {
                          "class": "col-md-3",
                          "components": [
                            {
                              "component": "LTD_Gross_Sales",
                              "style": {
                                "width": "100%"
                              },
                              "text": "Ltd Gross Sales",
                              "type": "label"
                            }
                          ],
                          "type": "col"
                        },
                        {
                          "class": "col-md-9",
                          "components": [
                            {
                              "name": "LTD_Gross_Sales",
                              "style": {
                                "width": "100%"
                              },
                              "type": "numeric",
                              "value": "${tblicinventory.LTD_Gross_Sales}"
                            }
                          ],
                          "type": "col"
                        }
                      ],
                      "style": {
                        "marginBottom": "1rem"
                      },
                      "type": "row"
                    },
                    {
                      "components": [
                        {
                          "class": "col-md-3",
                          "components": [
                            {
                              "component": "LTD_COGS",
                              "style": {
                                "width": "100%"
                              },
                              "text": "Ltd Cogs",
                              "type": "label"
                            }
                          ],
                          "type": "col"
                        },
                        {
                          "class": "col-md-9",
                          "components": [
                            {
                              "name": "LTD_COGS",
                              "style": {
                                "width": "100%"
                              },
                              "type": "numeric",
                              "value": "${tblicinventory.LTD_COGS}"
                            }
                          ],
                          "type": "col"
                        }
                      ],
                      "style": {
                        "marginBottom": "1rem"
                      },
                      "type": "row"
                    },
                    {
                      "components": [
                        {
                          "class": "col-md-3",
                          "components": [
                            {
                              "component": "NetGrossRate",
                              "style": {
                                "width": "100%"
                              },
                              "text": "Net Gross Rate",
                              "type": "label"
                            }
                          ],
                          "type": "col"
                        },
                        {
                          "class": "col-md-9",
                          "components": [
                            {
                              "name": "NetGrossRate",
                              "style": {
                                "width": "100%"
                              },
                              "type": "numeric",
                              "value": "${tblicinventory.NetGrossRate}"
                            }
                          ],
                          "type": "col"
                        }
                      ],
                      "style": {
                        "marginBottom": "1rem"
                      },
                      "type": "row"
                    },
                    {
                      "components": [
                        {
                          "class": "col-md-3",
                          "components": [
                            {
                              "component": "VendorNumber_FK",
                              "style": {
                                "width": "100%"
                              },
                              "text": "Vendor Number Fk",
                              "type": "label"
                            }
                          ],
                          "type": "col"
                        },
                        {
                          "class": "col-md-9",
                          "components": [
                            {
                              "name": "VendorNumber_FK",
                              "style": {
                                "width": "100%"
                              },
                              "type": "numeric",
                              "value": "${tblicinventory.VendorNumber_FK}"
                            }
                          ],
                          "type": "col"
                        }
                      ],
                      "style": {
                        "marginBottom": "1rem"
                      },
                      "type": "row"
                    },
                    {
                      "components": [
                        {
                          "class": "col-md-3",
                          "components": [
                            {
                              "component": "LastUpdatedDate",
                              "style": {
                                "width": "100%"
                              },
                              "text": "Last Updated Date",
                              "type": "label"
                            }
                          ],
                          "type": "col"
                        },
                        {
                          "class": "col-md-9",
                          "components": [
                            {
                              "dateFormat": "MM/dd/yyyy",
                              "name": "LastUpdatedDate",
                              "style": {
                                "width": "100%"
                              },
                              "type": "datepicker",
                              "value": "${tblicinventory.LastUpdatedDate}"
                            }
                          ],
                          "type": "col"
                        }
                      ],
                      "style": {
                        "marginBottom": "1rem"
                      },
                      "type": "row"
                    },
                    {
                      "components": [
                        {
                          "class": "col-md-3",
                          "components": [
                            {
                              "component": "LastUpdatedBy_FK",
                              "style": {
                                "width": "100%"
                              },
                              "text": "Last Updated By Fk",
                              "type": "label"
                            }
                          ],
                          "type": "col"
                        },
                        {
                          "class": "col-md-9",
                          "components": [
                            {
                              "name": "LastUpdatedBy_FK",
                              "style": {
                                "width": "100%"
                              },
                              "type": "numeric",
                              "value": "${tblicinventory.LastUpdatedBy_FK}"
                            }
                          ],
                          "type": "col"
                        }
                      ],
                      "style": {
                        "marginBottom": "1rem"
                      },
                      "type": "row"
                    },
                    {
                      "components": [
                        {
                          "class": "col-md-3",
                          "components": [
                            {
                              "component": "Notes",
                              "style": {
                                "width": "100%"
                              },
                              "text": "Notes",
                              "type": "label"
                            }
                          ],
                          "type": "col"
                        },
                        {
                          "class": "col-md-9",
                          "components": [
                            {
                              "name": "Notes",
                              "style": {
                                "width": "100%"
                              },
                              "type": "textbox",
                              "value": "${tblicinventory.Notes}"
                            }
                          ],
                          "type": "col"
                        }
                      ],
                      "style": {
                        "marginBottom": "1rem"
                      },
                      "type": "row"
                    },
                    {
                      "components": [
                        {
                          "class": "col-md-3",
                          "components": [
                            {
                              "component": "Inactive",
                              "style": {
                                "width": "100%"
                              },
                              "text": "Inactive",
                              "type": "label"
                            }
                          ],
                          "type": "col"
                        },
                        {
                          "class": "col-md-9",
                          "components": [
                            {
                              "name": "Inactive",
                              "triState": true,
                              "type": "checkbox",
                              "value": "${tblicinventory.Inactive}"
                            }
                          ],
                          "type": "col"
                        }
                      ],
                      "style": {
                        "marginBottom": "1rem"
                      },
                      "type": "row"
                    },
                    {
                      "components": [
                        {
                          "class": "col offset-sm-3",
                          "components": [
                            {
                              "buttonStyle": "primary",
                              "buttonType": "submit",
                              "icon": "save",
                              "text": "Save",
                              "type": "button"
                            },
                            {
                              "buttonStyle": "light",
                              "events": {
                                "click": [
                                  {
                                    "type": "close-popup"
                                  }
                                ]
                              },
                              "text": "Cancel",
                              "type": "button"
                            }
                          ],
                          "type": "col"
                        }
                      ],
                      "type": "row"
                    }
                  ],
                  "events": {
                    "submit": []
                  },
                  "itemType": "ErpCan.Models.CanErpDbAt132.TblIcInventory",
                  "name": "form0",
                  "type": "template-form",
                  "visible": "${tblicinventory != null && canEdit}"
                }
              ],
              "type": "col"
            }
          ],
          "type": "row"
        }
      ],
      "container": "contentContainer0",
      "type": "content"
    }
  ],
  "events": {
    "load": [
      {
        "name": "canEdit",
        "type": "set",
        "value": "true",
        "valueType": "bool"
      }
    ]
  },
  "layout": "Main",
  "name": "Edit Tbl Ic Inventory"
}