{
  "components": [
    {
      "type": "content",
      "container": "contentContainer0",
      "components": [
        {
          "components": [
            {
              "class": "col-md-9",
              "components": [
                {
                  "name": "closeLabel",
                  "style": {
                    "fontWeight": "bold"
                  },
                  "text": "Item no longer available.",
                  "type": "label",
                  "visible": "${!canEdit}"
                }
              ],
              "name": "col0",
              "type": "col"
            },
            {
              "class": "col-md-3",
              "components": [
                {
                  "buttonStyle": "secondary",
                  "events": {
                    "click": [
                      {
                        "type": "close-popup"
                      }
                    ]
                  },
                  "icon": "",
                  "name": "closeButton",
                  "style": {
                    "marginBottom": "20px"
                  },
                  "text": "Close",
                  "type": "button",
                  "visible": "${!canEdit}"
                }
              ],
              "name": "col1",
              "type": "col"
            }
          ],
          "name": "row0",
          "style": {},
          "type": "row"
        },
        {
          "type": "row",
          "components": [
            {
              "type": "col",
              "class": "col-md-12",
              "components": [
                {
                  "type": "template-form",
                  "name": "form0",
                  "components": [
                    {
                      "type": "row",
                      "style": {
                        "marginBottom": "1rem"
                      },
                      "components": [
                        {
                          "type": "col",
                          "class": "col-md-3",
                          "components": [
                            {
                              "type": "label",
                              "text": "Tbl Po Vendor",
                              "component": "Vendor_ID",
                              "style": {
                                "width": "100%"
                              }
                            }
                          ]
                        },
                        {
                          "type": "col",
                          "class": "col-md-9",
                          "components": [
                            {
                              "textProperty": "LastName",
                              "valueProperty": "Vendor_ID",
                              "placeholder": "Choose TblPoVendor",
                              "type": "dropdown",
                              "name": "Vendor_ID",
                              "style": {
                                "display": "block",
                                "width": "100%"
                              },
                              "value": "${tblpoapinvoicesdetail.Vendor_ID}"
                            },
                            {
                              "type": "required-validator",
                              "name": "Vendor_IDRequiredValidator",
                              "component": "Vendor_ID",
                              "text": "Vendor_ID is required",
                              "style": {
                                "position": "absolute"
                              }
                            }
                          ]
                        }
                      ]
                    },
                    {
                      "type": "row",
                      "style": {
                        "marginBottom": "1rem"
                      },
                      "components": [
                        {
                          "type": "col",
                          "class": "col-md-3",
                          "components": [
                            {
                              "type": "label",
                              "text": "Invoice No",
                              "component": "Invoice_No",
                              "style": {
                                "width": "100%"
                              }
                            }
                          ]
                        },
                        {
                          "type": "col",
                          "class": "col-md-9",
                          "components": [
                            {
                              "maxLength": 15,
                              "type": "textbox",
                              "name": "Invoice_No",
                              "style": {
                                "display": "block",
                                "width": "100%"
                              },
                              "value": "${tblpoapinvoicesdetail.Invoice_No}"
                            },
                            {
                              "type": "required-validator",
                              "name": "Invoice_NoRequiredValidator",
                              "component": "Invoice_No",
                              "text": "Invoice_No is required",
                              "style": {
                                "position": "absolute"
                              }
                            }
                          ]
                        }
                      ]
                    },
                    {
                      "type": "row",
                      "style": {
                        "marginBottom": "1rem"
                      },
                      "components": [
                        {
                          "type": "col",
                          "class": "col-md-3",
                          "components": [
                            {
                              "type": "label",
                              "text": "Invoice Date",
                              "component": "Invoice_Date",
                              "style": {
                                "width": "100%"
                              }
                            }
                          ]
                        },
                        {
                          "type": "col",
                          "class": "col-md-9",
                          "components": [
                            {
                              "dateFormat": "MM/dd/yyyy",
                              "type": "datepicker",
                              "name": "Invoice_Date",
                              "style": {
                                "width": "100%"
                              },
                              "value": "${tblpoapinvoicesdetail.Invoice_Date}"
                            }
                          ]
                        }
                      ]
                    },
                    {
                      "type": "row",
                      "style": {
                        "marginBottom": "1rem"
                      },
                      "components": [
                        {
                          "type": "col",
                          "class": "col-md-3",
                          "components": [
                            {
                              "type": "label",
                              "text": "Tbl Ic Inventory",
                              "component": "Inventory_FK",
                              "style": {
                                "width": "100%"
                              }
                            }
                          ]
                        },
                        {
                          "type": "col",
                          "class": "col-md-9",
                          "components": [
                            {
                              "textProperty": "Warehouse_FK",
                              "valueProperty": "Inventory_SEQ",
                              "placeholder": "Choose TblIcInventory",
                              "type": "dropdown",
                              "name": "Inventory_FK",
                              "style": {
                                "width": "100%"
                              },
                              "value": "${tblpoapinvoicesdetail.Inventory_FK}"
                            }
                          ]
                        }
                      ]
                    },
                    {
                      "type": "row",
                      "style": {
                        "marginBottom": "1rem"
                      },
                      "components": [
                        {
                          "type": "col",
                          "class": "col-md-3",
                          "components": [
                            {
                              "type": "label",
                              "text": "Tbl Ic Unit",
                              "component": "Unit_FK",
                              "style": {
                                "width": "100%"
                              }
                            }
                          ]
                        },
                        {
                          "type": "col",
                          "class": "col-md-9",
                          "components": [
                            {
                              "textProperty": "UnitText",
                              "valueProperty": "Unit_SEQ",
                              "placeholder": "Choose TblIcUnit",
                              "type": "dropdown",
                              "name": "Unit_FK",
                              "style": {
                                "width": "100%"
                              },
                              "value": "${tblpoapinvoicesdetail.Unit_FK}"
                            }
                          ]
                        }
                      ]
                    },
                    {
                      "type": "row",
                      "style": {
                        "marginBottom": "1rem"
                      },
                      "components": [
                        {
                          "type": "col",
                          "class": "col-md-3",
                          "components": [
                            {
                              "type": "label",
                              "text": "Unit Price",
                              "component": "Unit_Price",
                              "style": {
                                "width": "100%"
                              }
                            }
                          ]
                        },
                        {
                          "type": "col",
                          "class": "col-md-9",
                          "components": [
                            {
                              "type": "numeric",
                              "name": "Unit_Price",
                              "style": {
                                "width": "100%"
                              },
                              "value": "${tblpoapinvoicesdetail.Unit_Price}"
                            }
                          ]
                        }
                      ]
                    },
                    {
                      "type": "row",
                      "style": {
                        "marginBottom": "1rem"
                      },
                      "components": [
                        {
                          "type": "col",
                          "class": "col-md-3",
                          "components": [
                            {
                              "type": "label",
                              "text": "Qty Ordered",
                              "component": "Qty_Ordered",
                              "style": {
                                "width": "100%"
                              }
                            }
                          ]
                        },
                        {
                          "type": "col",
                          "class": "col-md-9",
                          "components": [
                            {
                              "type": "numeric",
                              "name": "Qty_Ordered",
                              "style": {
                                "width": "100%"
                              },
                              "value": "${tblpoapinvoicesdetail.Qty_Ordered}"
                            }
                          ]
                        }
                      ]
                    },
                    {
                      "type": "row",
                      "components": [
                        {
                          "type": "col",
                          "class": "col offset-sm-3",
                          "components": [
                            {
                              "type": "button",
                              "buttonType": "submit",
                              "icon": "save",
                              "text": "Save",
                              "buttonStyle": "primary"
                            },
                            {
                              "type": "button",
                              "buttonStyle": "light",
                              "text": "Cancel",
                              "events": {
                                "click": [
                                  {
                                    "type": "close-popup"
                                  }
                                ]
                              }
                            }
                          ]
                        }
                      ]
                    }
                  ],
                  "events": {
                    "submit": []
                  },
                  "itemType": "ErpCan.Models.CanErpDbAt132.TblPoApInvoicesDetail",
                  "visible": "${tblpoapinvoicesdetail != null && canEdit}"
                }
              ]
            }
          ]
        }
      ]
    }
  ],
  "events": {
    "load": [
      {
        "name": "canEdit",
        "type": "set",
        "value": "true",
        "valueType": "bool"
      }
    ]
  },
  "name": "Edit Tbl Po Ap Invoices Detail",
  "layout": "Main"
}