{
  "components": [
    {
      "type": "content",
      "container": "contentContainer0",
      "components": [
        {
          "components": [
            {
              "class": "col-md-9",
              "components": [
                {
                  "name": "closeLabel",
                  "style": {
                    "fontWeight": "bold"
                  },
                  "text": "Item no longer available.",
                  "type": "label",
                  "visible": "${!canEdit}"
                }
              ],
              "name": "col0",
              "type": "col"
            },
            {
              "class": "col-md-3",
              "components": [
                {
                  "buttonStyle": "secondary",
                  "events": {
                    "click": [
                      {
                        "type": "close-popup"
                      }
                    ]
                  },
                  "icon": "",
                  "name": "closeButton",
                  "style": {
                    "marginBottom": "20px"
                  },
                  "text": "Close",
                  "type": "button",
                  "visible": "${!canEdit}"
                }
              ],
              "name": "col1",
              "type": "col"
            }
          ],
          "name": "row0",
          "style": {},
          "type": "row"
        },
        {
          "type": "row",
          "components": [
            {
              "type": "col",
              "class": "col-md-12",
              "components": [
                {
                  "type": "template-form",
                  "name": "form0",
                  "components": [
                    {
                      "type": "row",
                      "style": {
                        "marginBottom": "1rem"
                      },
                      "components": [
                        {
                          "type": "col",
                          "class": "col-md-3",
                          "components": [
                            {
                              "type": "label",
                              "text": "Warehouse Id",
                              "component": "Warehouse_ID",
                              "style": {
                                "width": "100%"
                              }
                            }
                          ]
                        },
                        {
                          "type": "col",
                          "class": "col-md-9",
                          "components": [
                            {
                              "maxLength": 5,
                              "type": "textbox",
                              "name": "Warehouse_ID",
                              "style": {
                                "display": "block",
                                "width": "100%"
                              },
                              "value": "${tblicwarehouse.Warehouse_ID}"
                            },
                            {
                              "type": "required-validator",
                              "name": "Warehouse_IDRequiredValidator",
                              "component": "Warehouse_ID",
                              "text": "Warehouse_ID is required",
                              "style": {
                                "position": "absolute"
                              }
                            }
                          ]
                        }
                      ]
                    },
                    {
                      "type": "row",
                      "style": {
                        "marginBottom": "1rem"
                      },
                      "components": [
                        {
                          "type": "col",
                          "class": "col-md-3",
                          "components": [
                            {
                              "type": "label",
                              "text": "Warehouse Name",
                              "component": "WarehouseName",
                              "style": {
                                "width": "100%"
                              }
                            }
                          ]
                        },
                        {
                          "type": "col",
                          "class": "col-md-9",
                          "components": [
                            {
                              "maxLength": 50,
                              "type": "textbox",
                              "name": "WarehouseName",
                              "style": {
                                "width": "100%"
                              },
                              "value": "${tblicwarehouse.WarehouseName}"
                            }
                          ]
                        }
                      ]
                    },
                    {
                      "type": "row",
                      "style": {
                        "marginBottom": "1rem"
                      },
                      "components": [
                        {
                          "type": "col",
                          "class": "col-md-3",
                          "components": [
                            {
                              "type": "label",
                              "text": "Warehouse Address",
                              "component": "WarehouseAddress",
                              "style": {
                                "width": "100%"
                              }
                            }
                          ]
                        },
                        {
                          "type": "col",
                          "class": "col-md-9",
                          "components": [
                            {
                              "maxLength": 100,
                              "type": "textbox",
                              "name": "WarehouseAddress",
                              "style": {
                                "width": "100%"
                              },
                              "value": "${tblicwarehouse.WarehouseAddress}"
                            }
                          ]
                        }
                      ]
                    },
                    {
                      "type": "row",
                      "style": {
                        "marginBottom": "1rem"
                      },
                      "components": [
                        {
                          "type": "col",
                          "class": "col-md-3",
                          "components": [
                            {
                              "type": "label",
                              "text": "Inactive",
                              "component": "Inactive",
                              "style": {
                                "width": "100%"
                              }
                            }
                          ]
                        },
                        {
                          "type": "col",
                          "class": "col-md-9",
                          "components": [
                            {
                              "type": "checkbox",
                              "name": "Inactive",
                              "triState": true,
                              "value": "${tblicwarehouse.Inactive}"
                            }
                          ]
                        }
                      ]
                    },
                    {
                      "type": "row",
                      "components": [
                        {
                          "type": "col",
                          "class": "col offset-sm-3",
                          "components": [
                            {
                              "type": "button",
                              "buttonType": "submit",
                              "icon": "save",
                              "text": "Save",
                              "buttonStyle": "primary"
                            },
                            {
                              "type": "button",
                              "buttonStyle": "light",
                              "text": "Cancel",
                              "events": {
                                "click": [
                                  {
                                    "type": "close-popup"
                                  }
                                ]
                              }
                            }
                          ]
                        }
                      ]
                    }
                  ],
                  "events": {
                    "submit": []
                  },
                  "itemType": "ErpCan.Models.CanErpDbAt132.TblIcWarehouse",
                  "visible": "${tblicwarehouse != null && canEdit}"
                }
              ]
            }
          ]
        }
      ]
    }
  ],
  "events": {
    "load": [
      {
        "name": "canEdit",
        "type": "set",
        "value": "true",
        "valueType": "bool"
      }
    ]
  },
  "name": "Edit Tbl Ic Warehouse",
  "layout": "Main"
}