{
  "components": [
    {
      "type": "content",
      "container": "contentContainer0",
      "components": [
        {
          "components": [
            {
              "class": "col-md-9",
              "components": [
                {
                  "name": "closeLabel",
                  "style": {
                    "fontWeight": "bold"
                  },
                  "text": "Item no longer available.",
                  "type": "label",
                  "visible": "${!canEdit}"
                }
              ],
              "name": "col0",
              "type": "col"
            },
            {
              "class": "col-md-3",
              "components": [
                {
                  "buttonStyle": "secondary",
                  "events": {
                    "click": [
                      {
                        "type": "close-popup"
                      }
                    ]
                  },
                  "icon": "",
                  "name": "closeButton",
                  "style": {
                    "marginBottom": "20px"
                  },
                  "text": "Close",
                  "type": "button",
                  "visible": "${!canEdit}"
                }
              ],
              "name": "col1",
              "type": "col"
            }
          ],
          "name": "row0",
          "style": {},
          "type": "row"
        },
        {
          "type": "row",
          "components": [
            {
              "type": "col",
              "class": "col-md-12",
              "components": [
                {
                  "type": "template-form",
                  "name": "form0",
                  "components": [
                    {
                      "type": "row",
                      "style": {
                        "marginBottom": "1rem"
                      },
                      "components": [
                        {
                          "type": "col",
                          "class": "col-md-3",
                          "components": [
                            {
                              "type": "label",
                              "text": "Tbl Po Purchase Order",
                              "component": "PO_FK",
                              "style": {
                                "width": "100%"
                              }
                            }
                          ]
                        },
                        {
                          "type": "col",
                          "class": "col-md-9",
                          "components": [
                            {
                              "data": "${getTblPoPurchaseOrdersResult}",
                              "textProperty": "POStatus_FK",
                              "valueProperty": "PO_ID",
                              "placeholder": "Choose TblPoPurchaseOrder",
                              "type": "dropdown",
                              "name": "PO_FK",
                              "style": {
                                "display": "block",
                                "width": "100%"
                              },
                              "value": "${tblpopurchaseorderdetail.PO_FK}"
                            },
                            {
                              "type": "required-validator",
                              "name": "PO_FKRequiredValidator",
                              "component": "PO_FK",
                              "text": "PO_FK is required",
                              "style": {
                                "position": "absolute"
                              }
                            }
                          ]
                        }
                      ]
                    },
                    {
                      "type": "row",
                      "style": {
                        "marginBottom": "1rem"
                      },
                      "components": [
                        {
                          "type": "col",
                          "class": "col-md-3",
                          "components": [
                            {
                              "type": "label",
                              "text": "Tbl Ic Inventory",
                              "component": "Inventory_FK",
                              "style": {
                                "width": "100%"
                              }
                            }
                          ]
                        },
                        {
                          "type": "col",
                          "class": "col-md-9",
                          "components": [
                            {
                              "data": "${getTblIcInventoriesResult}",
                              "textProperty": "Warehouse_FK",
                              "valueProperty": "Inventory_SEQ",
                              "placeholder": "Choose TblIcInventory",
                              "type": "dropdown",
                              "name": "Inventory_FK",
                              "style": {
                                "display": "block",
                                "width": "100%"
                              },
                              "value": "${tblpopurchaseorderdetail.Inventory_FK}"
                            },
                            {
                              "type": "required-validator",
                              "name": "Inventory_FKRequiredValidator",
                              "component": "Inventory_FK",
                              "text": "Inventory_FK is required",
                              "style": {
                                "position": "absolute"
                              }
                            }
                          ]
                        }
                      ]
                    },
                    {
                      "type": "row",
                      "style": {
                        "marginBottom": "1rem"
                      },
                      "components": [
                        {
                          "type": "col",
                          "class": "col-md-3",
                          "components": [
                            {
                              "type": "label",
                              "text": "Unit Price",
                              "component": "Unit_Price",
                              "style": {
                                "width": "100%"
                              }
                            }
                          ]
                        },
                        {
                          "type": "col",
                          "class": "col-md-9",
                          "components": [
                            {
                              "type": "numeric",
                              "name": "Unit_Price",
                              "style": {
                                "width": "100%"
                              },
                              "value": "${tblpopurchaseorderdetail.Unit_Price}"
                            }
                          ]
                        }
                      ]
                    },
                    {
                      "type": "row",
                      "style": {
                        "marginBottom": "1rem"
                      },
                      "components": [
                        {
                          "type": "col",
                          "class": "col-md-3",
                          "components": [
                            {
                              "type": "label",
                              "text": "Qty Ordered",
                              "component": "QtyOrdered",
                              "style": {
                                "width": "100%"
                              }
                            }
                          ]
                        },
                        {
                          "type": "col",
                          "class": "col-md-9",
                          "components": [
                            {
                              "type": "numeric",
                              "name": "QtyOrdered",
                              "style": {
                                "width": "100%"
                              },
                              "value": "${tblpopurchaseorderdetail.QtyOrdered}"
                            }
                          ]
                        }
                      ]
                    },
                    {
                      "type": "row",
                      "style": {
                        "marginBottom": "1rem"
                      },
                      "components": [
                        {
                          "type": "col",
                          "class": "col-md-3",
                          "components": [
                            {
                              "type": "label",
                              "text": "Qty Received",
                              "component": "QtyReceived",
                              "style": {
                                "width": "100%"
                              }
                            }
                          ]
                        },
                        {
                          "type": "col",
                          "class": "col-md-9",
                          "components": [
                            {
                              "type": "numeric",
                              "name": "QtyReceived",
                              "style": {
                                "width": "100%"
                              },
                              "value": "${tblpopurchaseorderdetail.QtyReceived}"
                            }
                          ]
                        }
                      ]
                    },
                    {
                      "type": "row",
                      "style": {
                        "marginBottom": "1rem"
                      },
                      "components": [
                        {
                          "type": "col",
                          "class": "col-md-3",
                          "components": [
                            {
                              "type": "label",
                              "text": "Tax Rate",
                              "component": "TaxRate",
                              "style": {
                                "width": "100%"
                              }
                            }
                          ]
                        },
                        {
                          "type": "col",
                          "class": "col-md-9",
                          "components": [
                            {
                              "type": "numeric",
                              "name": "TaxRate",
                              "style": {
                                "width": "100%"
                              },
                              "value": "${tblpopurchaseorderdetail.TaxRate}"
                            }
                          ]
                        }
                      ]
                    },
                    {
                      "type": "row",
                      "style": {
                        "marginBottom": "1rem"
                      },
                      "components": [
                        {
                          "type": "col",
                          "class": "col-md-3",
                          "components": [
                            {
                              "type": "label",
                              "text": "Discount Percent",
                              "component": "DiscountPercent",
                              "style": {
                                "width": "100%"
                              }
                            }
                          ]
                        },
                        {
                          "type": "col",
                          "class": "col-md-9",
                          "components": [
                            {
                              "type": "numeric",
                              "name": "DiscountPercent",
                              "style": {
                                "width": "100%"
                              },
                              "value": "${tblpopurchaseorderdetail.DiscountPercent}"
                            }
                          ]
                        }
                      ]
                    },
                    {
                      "type": "row",
                      "components": [
                        {
                          "type": "col",
                          "class": "col offset-sm-3",
                          "components": [
                            {
                              "type": "button",
                              "buttonType": "submit",
                              "icon": "save",
                              "text": "Save",
                              "buttonStyle": "primary"
                            },
                            {
                              "type": "button",
                              "buttonStyle": "light",
                              "text": "Cancel",
                              "events": {
                                "click": [
                                  {
                                    "type": "close-popup"
                                  }
                                ]
                              }
                            }
                          ]
                        }
                      ]
                    }
                  ],
                  "events": {
                    "submit": [
                      {
                        "error": [
                          {
                            "detail": "Unable to update TblPoPurchaseOrderDetail",
                            "severity": "error",
                            "summary": "Error",
                            "type": "notify"
                          }
                        ],
                        "name": "CanERP_DB_AT132.updateTblPoPurchaseOrderDetail",
                        "parameters": [
                          {
                            "name": "PO_FK",
                            "value": "${parameters.PO_FK}"
                          },
                          {
                            "name": "Inventory_FK",
                            "value": "${parameters.Inventory_FK}"
                          },
                          {
                            "name": "TblPoPurchaseOrderDetail",
                            "value": "${tblpopurchaseorderdetail}"
                          }
                        ],
                        "then": [
                          {
                            "type": "close-popup",
                            "result": "${tblpopurchaseorderdetail}"
                          }
                        ],
                        "type": "invoke",
                        "argType": "ErpCan.Models.CanErpDbAt132.TblPoPurchaseOrderDetail"
                      }
                    ]
                  },
                  "itemType": "ErpCan.Models.CanErpDbAt132.TblPoPurchaseOrderDetail",
                  "data": "${tblpopurchaseorderdetail}",
                  "visible": "${tblpopurchaseorderdetail != null && canEdit}"
                }
              ]
            }
          ]
        }
      ]
    }
  ],
  "events": {
    "load": [
      {
        "name": "canEdit",
        "type": "set",
        "value": "true",
        "valueType": "bool"
      },
      {
        "name": "CanERP_DB_AT132.getTblPoPurchaseOrderDetailByPO_FKAndInventory_FK",
        "parameters": [
          {
            "name": "PO_FK",
            "value": "${parameters.PO_FK}"
          },
          {
            "name": "Inventory_FK",
            "value": "${parameters.Inventory_FK}"
          }
        ],
        "then": [
          {
            "name": "tblpopurchaseorderdetail",
            "type": "set",
            "value": "${result}",
            "valueType": "ErpCan.Models.CanErpDbAt132.TblPoPurchaseOrderDetail"
          }
        ],
        "error": [],
        "type": "invoke"
      },
      {
        "name": "CanERP_DB_AT132.getTblPoPurchaseOrders",
        "parameters": [],
        "then": [
          {
            "name": "getTblPoPurchaseOrdersResult",
            "type": "set",
            "value": "${result}",
            "valueType": "IEnumerable<ErpCan.Models.CanErpDbAt132.TblPoPurchaseOrder>"
          }
        ],
        "type": "invoke"
      },
      {
        "name": "CanERP_DB_AT132.getTblIcInventories",
        "parameters": [],
        "then": [
          {
            "name": "getTblIcInventoriesResult",
            "type": "set",
            "value": "${result}",
            "valueType": "IEnumerable<ErpCan.Models.CanErpDbAt132.TblIcInventory>"
          }
        ],
        "type": "invoke"
      }
    ]
  },
  "name": "Edit Tbl Po Purchase Order Detail",
  "layout": "Main"
}