{
  "components": [
    {
      "type": "content",
      "container": "contentContainer0",
      "components": [
        {
          "components": [
            {
              "class": "col-md-9",
              "components": [
                {
                  "name": "closeLabel",
                  "style": {
                    "fontWeight": "bold"
                  },
                  "text": "Item no longer available.",
                  "type": "label",
                  "visible": "${!canEdit}"
                }
              ],
              "name": "col0",
              "type": "col"
            },
            {
              "class": "col-md-3",
              "components": [
                {
                  "buttonStyle": "secondary",
                  "events": {
                    "click": [
                      {
                        "type": "close-popup"
                      }
                    ]
                  },
                  "icon": "",
                  "name": "closeButton",
                  "style": {
                    "marginBottom": "20px"
                  },
                  "text": "Close",
                  "type": "button",
                  "visible": "${!canEdit}"
                }
              ],
              "name": "col1",
              "type": "col"
            }
          ],
          "name": "row0",
          "style": {},
          "type": "row"
        },
        {
          "type": "row",
          "components": [
            {
              "type": "col",
              "class": "col-md-12",
              "components": [
                {
                  "type": "template-form",
                  "name": "form0",
                  "components": [
                    {
                      "type": "row",
                      "style": {
                        "marginBottom": "1rem"
                      },
                      "components": [
                        {
                          "type": "col",
                          "class": "col-md-3",
                          "components": [
                            {
                              "type": "label",
                              "text": "Voucher No",
                              "component": "Voucher_No",
                              "style": {
                                "width": "100%"
                              }
                            }
                          ]
                        },
                        {
                          "type": "col",
                          "class": "col-md-9",
                          "components": [
                            {
                              "maxLength": 10,
                              "type": "textbox",
                              "name": "Voucher_No",
                              "style": {
                                "display": "block",
                                "width": "100%"
                              },
                              "value": "${tblpoaccountspayableadjustment.Voucher_No}"
                            },
                            {
                              "type": "required-validator",
                              "name": "Voucher_NoRequiredValidator",
                              "component": "Voucher_No",
                              "text": "Voucher_No is required",
                              "style": {
                                "position": "absolute"
                              }
                            }
                          ]
                        }
                      ]
                    },
                    {
                      "type": "row",
                      "style": {
                        "marginBottom": "1rem"
                      },
                      "components": [
                        {
                          "type": "col",
                          "class": "col-md-3",
                          "components": [
                            {
                              "type": "label",
                              "text": "Voucher Date",
                              "component": "Voucher_Date",
                              "style": {
                                "width": "100%"
                              }
                            }
                          ]
                        },
                        {
                          "type": "col",
                          "class": "col-md-9",
                          "components": [
                            {
                              "dateFormat": "MM/dd/yyyy",
                              "type": "datepicker",
                              "name": "Voucher_Date",
                              "style": {
                                "width": "100%"
                              },
                              "value": "${tblpoaccountspayableadjustment.Voucher_Date}"
                            }
                          ]
                        }
                      ]
                    },
                    {
                      "type": "row",
                      "style": {
                        "marginBottom": "1rem"
                      },
                      "components": [
                        {
                          "type": "col",
                          "class": "col-md-3",
                          "components": [
                            {
                              "type": "label",
                              "text": "Vendor Fk",
                              "component": "Vendor_FK",
                              "style": {
                                "width": "100%"
                              }
                            }
                          ]
                        },
                        {
                          "type": "col",
                          "class": "col-md-9",
                          "components": [
                            {
                              "maxLength": 10,
                              "type": "textbox",
                              "name": "Vendor_FK",
                              "style": {
                                "width": "100%"
                              },
                              "value": "${tblpoaccountspayableadjustment.Vendor_FK}"
                            }
                          ]
                        }
                      ]
                    },
                    {
                      "type": "row",
                      "style": {
                        "marginBottom": "1rem"
                      },
                      "components": [
                        {
                          "type": "col",
                          "class": "col-md-3",
                          "components": [
                            {
                              "type": "label",
                              "text": "Transact Id",
                              "component": "Transact_ID",
                              "style": {
                                "width": "100%"
                              }
                            }
                          ]
                        },
                        {
                          "type": "col",
                          "class": "col-md-9",
                          "components": [
                            {
                              "maxLength": 2,
                              "type": "textbox",
                              "name": "Transact_ID",
                              "style": {
                                "width": "100%"
                              },
                              "value": "${tblpoaccountspayableadjustment.Transact_ID}"
                            }
                          ]
                        }
                      ]
                    },
                    {
                      "type": "row",
                      "style": {
                        "marginBottom": "1rem"
                      },
                      "components": [
                        {
                          "type": "col",
                          "class": "col-md-3",
                          "components": [
                            {
                              "type": "label",
                              "text": "Record Code",
                              "component": "Record_Code",
                              "style": {
                                "width": "100%"
                              }
                            }
                          ]
                        },
                        {
                          "type": "col",
                          "class": "col-md-9",
                          "components": [
                            {
                              "maxLength": 2,
                              "type": "textbox",
                              "name": "Record_Code",
                              "style": {
                                "width": "100%"
                              },
                              "value": "${tblpoaccountspayableadjustment.Record_Code}"
                            }
                          ]
                        }
                      ]
                    },
                    {
                      "type": "row",
                      "style": {
                        "marginBottom": "1rem"
                      },
                      "components": [
                        {
                          "type": "col",
                          "class": "col-md-3",
                          "components": [
                            {
                              "type": "label",
                              "text": "Po No",
                              "component": "PO_No",
                              "style": {
                                "width": "100%"
                              }
                            }
                          ]
                        },
                        {
                          "type": "col",
                          "class": "col-md-9",
                          "components": [
                            {
                              "maxLength": 15,
                              "type": "textbox",
                              "name": "PO_No",
                              "style": {
                                "width": "100%"
                              },
                              "value": "${tblpoaccountspayableadjustment.PO_No}"
                            }
                          ]
                        }
                      ]
                    },
                    {
                      "type": "row",
                      "style": {
                        "marginBottom": "1rem"
                      },
                      "components": [
                        {
                          "type": "col",
                          "class": "col-md-3",
                          "components": [
                            {
                              "type": "label",
                              "text": "Invoice No",
                              "component": "Invoice_No",
                              "style": {
                                "width": "100%"
                              }
                            }
                          ]
                        },
                        {
                          "type": "col",
                          "class": "col-md-9",
                          "components": [
                            {
                              "maxLength": 10,
                              "type": "textbox",
                              "name": "Invoice_No",
                              "style": {
                                "width": "100%"
                              },
                              "value": "${tblpoaccountspayableadjustment.Invoice_No}"
                            }
                          ]
                        }
                      ]
                    },
                    {
                      "type": "row",
                      "style": {
                        "marginBottom": "1rem"
                      },
                      "components": [
                        {
                          "type": "col",
                          "class": "col-md-3",
                          "components": [
                            {
                              "type": "label",
                              "text": "Invoice Date",
                              "component": "Invoice_Date",
                              "style": {
                                "width": "100%"
                              }
                            }
                          ]
                        },
                        {
                          "type": "col",
                          "class": "col-md-9",
                          "components": [
                            {
                              "dateFormat": "MM/dd/yyyy",
                              "type": "datepicker",
                              "name": "Invoice_Date",
                              "style": {
                                "width": "100%"
                              },
                              "value": "${tblpoaccountspayableadjustment.Invoice_Date}"
                            }
                          ]
                        }
                      ]
                    },
                    {
                      "type": "row",
                      "style": {
                        "marginBottom": "1rem"
                      },
                      "components": [
                        {
                          "type": "col",
                          "class": "col-md-3",
                          "components": [
                            {
                              "type": "label",
                              "text": "Debit Account",
                              "component": "Debit_Account",
                              "style": {
                                "width": "100%"
                              }
                            }
                          ]
                        },
                        {
                          "type": "col",
                          "class": "col-md-9",
                          "components": [
                            {
                              "maxLength": 7,
                              "type": "textbox",
                              "name": "Debit_Account",
                              "style": {
                                "width": "100%"
                              },
                              "value": "${tblpoaccountspayableadjustment.Debit_Account}"
                            }
                          ]
                        }
                      ]
                    },
                    {
                      "type": "row",
                      "style": {
                        "marginBottom": "1rem"
                      },
                      "components": [
                        {
                          "type": "col",
                          "class": "col-md-3",
                          "components": [
                            {
                              "type": "label",
                              "text": "Credit Account",
                              "component": "Credit_Account",
                              "style": {
                                "width": "100%"
                              }
                            }
                          ]
                        },
                        {
                          "type": "col",
                          "class": "col-md-9",
                          "components": [
                            {
                              "maxLength": 7,
                              "type": "textbox",
                              "name": "Credit_Account",
                              "style": {
                                "width": "100%"
                              },
                              "value": "${tblpoaccountspayableadjustment.Credit_Account}"
                            }
                          ]
                        }
                      ]
                    },
                    {
                      "type": "row",
                      "style": {
                        "marginBottom": "1rem"
                      },
                      "components": [
                        {
                          "type": "col",
                          "class": "col-md-3",
                          "components": [
                            {
                              "type": "label",
                              "text": "Description",
                              "component": "Description",
                              "style": {
                                "width": "100%"
                              }
                            }
                          ]
                        },
                        {
                          "type": "col",
                          "class": "col-md-9",
                          "components": [
                            {
                              "maxLength": 150,
                              "type": "textbox",
                              "name": "Description",
                              "style": {
                                "width": "100%"
                              },
                              "value": "${tblpoaccountspayableadjustment.Description}"
                            }
                          ]
                        }
                      ]
                    },
                    {
                      "type": "row",
                      "style": {
                        "marginBottom": "1rem"
                      },
                      "components": [
                        {
                          "type": "col",
                          "class": "col-md-3",
                          "components": [
                            {
                              "type": "label",
                              "text": "Amount",
                              "component": "Amount",
                              "style": {
                                "width": "100%"
                              }
                            }
                          ]
                        },
                        {
                          "type": "col",
                          "class": "col-md-9",
                          "components": [
                            {
                              "type": "numeric",
                              "name": "Amount",
                              "style": {
                                "width": "100%"
                              },
                              "value": "${tblpoaccountspayableadjustment.Amount}"
                            }
                          ]
                        }
                      ]
                    },
                    {
                      "type": "row",
                      "style": {
                        "marginBottom": "1rem"
                      },
                      "components": [
                        {
                          "type": "col",
                          "class": "col-md-3",
                          "components": [
                            {
                              "type": "label",
                              "text": "Authorize By",
                              "component": "Authorize_By",
                              "style": {
                                "width": "100%"
                              }
                            }
                          ]
                        },
                        {
                          "type": "col",
                          "class": "col-md-9",
                          "components": [
                            {
                              "type": "numeric",
                              "name": "Authorize_By",
                              "style": {
                                "width": "100%"
                              },
                              "value": "${tblpoaccountspayableadjustment.Authorize_By}"
                            }
                          ]
                        }
                      ]
                    },
                    {
                      "type": "row",
                      "components": [
                        {
                          "type": "col",
                          "class": "col offset-sm-3",
                          "components": [
                            {
                              "type": "button",
                              "buttonType": "submit",
                              "icon": "save",
                              "text": "Save",
                              "buttonStyle": "primary"
                            },
                            {
                              "type": "button",
                              "buttonStyle": "light",
                              "text": "Cancel",
                              "events": {
                                "click": [
                                  {
                                    "type": "close-popup"
                                  }
                                ]
                              }
                            }
                          ]
                        }
                      ]
                    }
                  ],
                  "events": {
                    "submit": []
                  },
                  "itemType": "ErpCan.Models.CanErpDbAt132.TblPoAccountsPayableAdjustment",
                  "visible": "${tblpoaccountspayableadjustment != null && canEdit}"
                }
              ]
            }
          ]
        }
      ]
    }
  ],
  "events": {
    "load": [
      {
        "name": "canEdit",
        "type": "set",
        "value": "true",
        "valueType": "bool"
      }
    ]
  },
  "name": "Edit Tbl Po Accounts Payable Adjustment",
  "layout": "Main"
}