{
  "components": [
    {
      "type": "content",
      "container": "contentContainer0",
      "components": [
        {
          "type": "heading",
          "name": "pageTitle",
          "size": "H1",
          "text": "Tbl Po Purchase Orders"
        },
        {
          "type": "row",
          "components": [
            {
              "type": "col",
              "class": "col-md-12",
              "components": [
                {
                  "icon": "add_circle_outline",
                  "name": "button0",
                  "style": {
                    "marginBottom": "10px"
                  },
                  "text": "Add",
                  "type": "button",
                  "events": {
                    "click": [
                      {
                        "path": "add-tbl-po-purchase-order",
                        "type": "popup",
                        "then": [
                          {
                            "code": "grid0.Reload();",
                            "type": "execute"
                          },
                          {
                            "code": "await InvokeAsync(() => { StateHasChanged(); });",
                            "type": "execute"
                          }
                        ]
                      }
                    ]
                  }
                },
                {
                  "name": "grid0",
                  "allowFiltering": true,
                  "allowPaging": true,
                  "allowSorting": true,
                  "events": {
                    "loadData": [],
                    "rowSelect": [
                      {
                        "parameters": [
                          {
                            "name": "PO_ID",
                            "value": "${event.PO_ID}"
                          }
                        ],
                        "path": "edit-tbl-po-purchase-order",
                        "type": "popup",
                        "argType": "ErpCan.Models.CanErpDbAt132.TblPoPurchaseOrder",
                        "then": [
                          {
                            "code": "await InvokeAsync(() => { StateHasChanged(); });",
                            "type": "execute"
                          }
                        ]
                      }
                    ]
                  },
                  "title": "",
                  "columns": [
                    {
                      "property": "PO_ID",
                      "title": "PO ID",
                      "type": "string"
                    },
                    {
                      "format": "date-time",
                      "property": "PODate",
                      "formatString": "{0:MM/dd/yyyy}",
                      "title": "PO Date",
                      "type": "string"
                    },
                    {
                      "property": "CreatedBy_FK",
                      "sortProperty": "TblGnAddressBook.AddressBook_ID",
                      "filterProperty": "TblGnAddressBook.AddressBook_ID",
                      "template": "${data.TblGnAddressBook?.AddressBook_ID}",
                      "title": "Tbl Gn Address Book",
                      "type": "string"
                    },
                    {
                      "property": "POStatus_FK",
                      "sortProperty": "TblPoOrderStatus.POStatusText",
                      "filterProperty": "TblPoOrderStatus.POStatusText",
                      "template": "${data.TblPoOrderStatus?.POStatusText}",
                      "title": "Tbl Po Order Status",
                      "type": "string"
                    },
                    {
                      "property": "Vendor_FK",
                      "sortProperty": "TblPoVendor.LastName",
                      "filterProperty": "TblPoVendor.LastName",
                      "template": "${data.TblPoVendor?.LastName}",
                      "title": "Tbl Po Vendor",
                      "type": "string"
                    },
                    {
                      "property": "Description",
                      "title": "Description",
                      "type": "string"
                    },
                    {
                      "property": "Incoterm_ID",
                      "title": "Incoterm ID",
                      "type": "string"
                    },
                    {
                      "property": "ShipVia_FK",
                      "sortProperty": "TblGnShipVium.ShipVia_ID",
                      "filterProperty": "TblGnShipVium.ShipVia_ID",
                      "template": "${data.TblGnShipVium?.ShipVia_ID}",
                      "title": "Tbl Gn Ship Vium",
                      "type": "string"
                    },
                    {
                      "property": "PaymentTerm_FK",
                      "sortProperty": "TblGnPaymentTerm.PaymentTerm_ID",
                      "filterProperty": "TblGnPaymentTerm.PaymentTerm_ID",
                      "template": "${data.TblGnPaymentTerm?.PaymentTerm_ID}",
                      "title": "Tbl Gn Payment Term",
                      "type": "string"
                    },
                    {
                      "property": "PaymentType_FK",
                      "sortProperty": "TblGnPaymentType.PaymentType_ID",
                      "filterProperty": "TblGnPaymentType.PaymentType_ID",
                      "template": "${data.TblGnPaymentType?.PaymentType_ID}",
                      "title": "Tbl Gn Payment Type",
                      "type": "string"
                    },
                    {
                      "property": "Buyer_FK",
                      "title": "Buyer FK",
                      "type": "integer"
                    },
                    {
                      "property": "TaxYN",
                      "title": "Tax YN",
                      "type": "boolean"
                    },
                    {
                      "format": "double",
                      "property": "TaxtRate",
                      "title": "Taxt Rate",
                      "type": "number"
                    },
                    {
                      "property": "Department_FK",
                      "title": "Department FK",
                      "type": "string"
                    },
                    {
                      "format": "decimal",
                      "property": "PO_Amount",
                      "title": "PO Amount",
                      "type": "number"
                    },
                    {
                      "filterable": false,
                      "sortable": false,
                      "bubble": false,
                      "width": "70px",
                      "textAlign": "center",
                      "template": [
                        {
                          "buttonStyle": "danger",
                          "icon": "close",
                          "name": "gridDeleteButton",
                          "text": "",
                          "size": "sm",
                          "type": "button",
                          "events": {
                            "click": [
                              {
                                "error": [
                                  {
                                    "detail": "Unable to delete TblPoPurchaseOrder",
                                    "severity": "error",
                                    "summary": "Error",
                                    "type": "notify"
                                  }
                                ],
                                "name": "CanERP_DB_AT132.deleteTblPoPurchaseOrder",
                                "parameters": [
                                  {
                                    "name": "PO_ID",
                                    "value": "${data.PO_ID}"
                                  }
                                ],
                                "then": [
                                  {
                                    "code": "grid0.Reload();",
                                    "condition": "result != null",
                                    "type": "execute"
                                  }
                                ],
                                "type": "invoke",
                                "argType": "ErpCan.Models.CanErpDbAt132.TblPoPurchaseOrder"
                              }
                            ]
                          }
                        }
                      ]
                    }
                  ],
                  "type": "grid",
                  "itemType": "ErpCan.Models.CanErpDbAt132.TblPoPurchaseOrder"
                }
              ]
            }
          ]
        }
      ]
    }
  ],
  "events": {
    "load": []
  },
  "name": "Tbl Po Purchase Orders",
  "layout": "Main"
}