{
  "components": [
    {
      "type": "content",
      "container": "contentContainer0",
      "components": [
        {
          "type": "heading",
          "name": "pageTitle",
          "size": "H1",
          "text": "Tbl Po Account Payables"
        },
        {
          "type": "row",
          "components": [
            {
              "type": "col",
              "class": "col-md-12",
              "components": [
                {
                  "icon": "add_circle_outline",
                  "name": "button0",
                  "style": {
                    "marginBottom": "10px"
                  },
                  "text": "Add",
                  "type": "button",
                  "events": {
                    "click": [
                      {
                        "path": "add-tbl-po-account-payable",
                        "type": "popup",
                        "then": [
                          {
                            "code": "grid0.Reload();",
                            "type": "execute"
                          },
                          {
                            "code": "await InvokeAsync(() => { StateHasChanged(); });",
                            "type": "execute"
                          }
                        ]
                      }
                    ]
                  }
                },
                {
                  "name": "grid0",
                  "allowFiltering": true,
                  "allowPaging": true,
                  "allowSorting": true,
                  "events": {
                    "loadData": [],
                    "rowSelect": [
                      {
                        "parameters": [
                          {
                            "name": "AP_No",
                            "value": "${event.AP_No}"
                          }
                        ],
                        "path": "edit-tbl-po-account-payable",
                        "type": "popup",
                        "argType": "ErpCan.Models.CanErpDbAt132.TblPoAccountPayable",
                        "then": [
                          {
                            "code": "await InvokeAsync(() => { StateHasChanged(); });",
                            "type": "execute"
                          }
                        ]
                      }
                    ]
                  },
                  "title": "",
                  "columns": [
                    {
                      "property": "AP_No",
                      "title": "AP No",
                      "type": "string"
                    },
                    {
                      "property": "Vendor_FK",
                      "sortProperty": "TblPoVendor.LastName",
                      "filterProperty": "TblPoVendor.LastName",
                      "template": "${data.TblPoVendor?.LastName}",
                      "title": "Tbl Po Vendor",
                      "type": "string"
                    },
                    {
                      "property": "Transact_No",
                      "title": "Transact No",
                      "type": "string"
                    },
                    {
                      "property": "Record_Code",
                      "title": "Record Code",
                      "type": "string"
                    },
                    {
                      "property": "PO_No",
                      "title": "PO No",
                      "type": "string"
                    },
                    {
                      "format": "date-time",
                      "property": "Transact_Date",
                      "formatString": "{0:MM/dd/yyyy}",
                      "title": "Transact Date",
                      "type": "string"
                    },
                    {
                      "property": "Description",
                      "title": "Description",
                      "type": "string"
                    },
                    {
                      "format": "decimal",
                      "property": "Amount",
                      "title": "Amount",
                      "type": "number"
                    },
                    {
                      "property": "Department_FK",
                      "sortProperty": "TblGnDepartment.Deparment_Name",
                      "filterProperty": "TblGnDepartment.Deparment_Name",
                      "template": "${data.TblGnDepartment?.Deparment_Name}",
                      "title": "Tbl Gn Department",
                      "type": "string"
                    },
                    {
                      "filterable": false,
                      "sortable": false,
                      "bubble": false,
                      "width": "70px",
                      "textAlign": "center",
                      "template": [
                        {
                          "buttonStyle": "danger",
                          "icon": "close",
                          "name": "gridDeleteButton",
                          "text": "",
                          "size": "sm",
                          "type": "button",
                          "events": {
                            "click": [
                              {
                                "error": [
                                  {
                                    "detail": "Unable to delete TblPoAccountPayable",
                                    "severity": "error",
                                    "summary": "Error",
                                    "type": "notify"
                                  }
                                ],
                                "name": "CanERP_DB_AT132.deleteTblPoAccountPayable",
                                "parameters": [
                                  {
                                    "name": "AP_No",
                                    "value": "${data.AP_No}"
                                  }
                                ],
                                "then": [
                                  {
                                    "code": "grid0.Reload();",
                                    "condition": "result != null",
                                    "type": "execute"
                                  }
                                ],
                                "type": "invoke",
                                "argType": "ErpCan.Models.CanErpDbAt132.TblPoAccountPayable"
                              }
                            ]
                          }
                        }
                      ]
                    }
                  ],
                  "type": "grid",
                  "itemType": "ErpCan.Models.CanErpDbAt132.TblPoAccountPayable"
                }
              ]
            }
          ]
        }
      ]
    }
  ],
  "events": {
    "load": []
  },
  "name": "Tbl Po Account Payables",
  "layout": "Main"
}