{
  "components": [
    {
      "type": "content",
      "container": "contentContainer0",
      "components": [
        {
          "type": "heading",
          "name": "pageTitle",
          "size": "H1",
          "text": "Tbl Ic Inventories"
        },
        {
          "type": "row",
          "components": [
            {
              "type": "col",
              "class": "col-md-12",
              "components": [
                {
                  "icon": "add_circle_outline",
                  "name": "button0",
                  "style": {
                    "marginBottom": "10px"
                  },
                  "text": "Add",
                  "type": "button",
                  "events": {
                    "click": [
                      {
                        "path": "add-tbl-ic-inventory",
                        "type": "popup",
                        "then": [
                          {
                            "code": "grid0.Reload();",
                            "type": "execute"
                          },
                          {
                            "code": "await InvokeAsync(() => { StateHasChanged(); });",
                            "type": "execute"
                          }
                        ]
                      }
                    ]
                  }
                },
                {
                  "name": "grid0",
                  "allowFiltering": true,
                  "allowPaging": true,
                  "allowSorting": true,
                  "events": {
                    "loadData": [],
                    "rowSelect": [
                      {
                        "parameters": [
                          {
                            "name": "Inventory_SEQ",
                            "value": "${event.Inventory_SEQ}"
                          }
                        ],
                        "path": "edit-tbl-ic-inventory",
                        "type": "popup",
                        "argType": "ErpCan.Models.CanErpDbAt132.TblIcInventory",
                        "then": [
                          {
                            "code": "await InvokeAsync(() => { StateHasChanged(); });",
                            "type": "execute"
                          }
                        ]
                      }
                    ]
                  },
                  "title": "",
                  "columns": [
                    {
                      "property": "Inventory_SEQ",
                      "title": "Inventory SEQ",
                      "type": "integer"
                    },
                    {
                      "property": "Warehouse_FK",
                      "sortProperty": "TblIcWarehouse.WarehouseName",
                      "filterProperty": "TblIcWarehouse.WarehouseName",
                      "template": "${data.TblIcWarehouse?.WarehouseName}",
                      "title": "Tbl Ic Warehouse",
                      "type": "string"
                    },
                    {
                      "property": "Category_FK",
                      "sortProperty": "TblIcCategory.CategoryText",
                      "filterProperty": "TblIcCategory.CategoryText",
                      "template": "${data.TblIcCategory?.CategoryText}",
                      "title": "Tbl Ic Category",
                      "type": "string"
                    },
                    {
                      "property": "Classifi_FK",
                      "sortProperty": "TblIcClassification.Classifi_Name",
                      "filterProperty": "TblIcClassification.Classifi_Name",
                      "template": "${data.TblIcClassification?.Classifi_Name}",
                      "title": "Tbl Ic Classification",
                      "type": "string"
                    },
                    {
                      "property": "Item_SK",
                      "sortProperty": "TblGnProduct.Product_ID",
                      "filterProperty": "TblGnProduct.Product_ID",
                      "template": "${data.TblGnProduct?.Product_ID}",
                      "title": "Tbl Gn Product",
                      "type": "string"
                    },
                    {
                      "property": "Product_Code",
                      "title": "Product Code",
                      "type": "string"
                    },
                    {
                      "property": "ProductDesc",
                      "title": "Product Desc",
                      "type": "string"
                    },
                    {
                      "property": "FixAsset",
                      "title": "Fix Asset",
                      "type": "boolean"
                    },
                    {
                      "property": "Unit_FK",
                      "sortProperty": "TblIcUnit.UnitText",
                      "filterProperty": "TblIcUnit.UnitText",
                      "template": "${data.TblIcUnit?.UnitText}",
                      "title": "Tbl Ic Unit",
                      "type": "string"
                    },
                    {
                      "format": "double",
                      "property": "QuantityPerUnit",
                      "title": "Quantity Per Unit",
                      "type": "number"
                    },
                    {
                      "property": "Location",
                      "title": "Location",
                      "type": "string"
                    },
                    {
                      "property": "Taxable",
                      "title": "Taxable",
                      "type": "boolean"
                    },
                    {
                      "format": "double",
                      "property": "TaxRate",
                      "title": "Tax Rate",
                      "type": "number"
                    },
                    {
                      "format": "double",
                      "property": "ROP",
                      "title": "ROP",
                      "type": "number"
                    },
                    {
                      "format": "double",
                      "property": "EOQ",
                      "title": "EOQ",
                      "type": "number"
                    },
                    {
                      "format": "decimal",
                      "property": "UnitPrice",
                      "title": "Unit Price",
                      "type": "number"
                    },
                    {
                      "property": "GL_Asset",
                      "title": "GL Asset",
                      "type": "string"
                    },
                    {
                      "property": "GL_COGS",
                      "title": "GL COGS",
                      "type": "string"
                    },
                    {
                      "property": "GL_Sales",
                      "title": "GL Sales",
                      "type": "string"
                    },
                    {
                      "property": "GL_NonTaxSales",
                      "title": "GL Non Tax Sales",
                      "type": "string"
                    },
                    {
                      "format": "date-time",
                      "property": "LastSaleDate",
                      "formatString": "{0:MM/dd/yyyy}",
                      "title": "Last Sale Date",
                      "type": "string"
                    },
                    {
                      "format": "date-time",
                      "property": "LastPODate",
                      "formatString": "{0:MM/dd/yyyy}",
                      "title": "Last PO Date",
                      "type": "string"
                    },
                    {
                      "format": "date-time",
                      "property": "LastReceiptDate",
                      "formatString": "{0:MM/dd/yyyy}",
                      "title": "Last Receipt Date",
                      "type": "string"
                    },
                    {
                      "format": "date-time",
                      "property": "Leadtime",
                      "formatString": "{0:MM/dd/yyyy}",
                      "title": "Leadtime",
                      "type": "string"
                    },
                    {
                      "format": "decimal",
                      "property": "LastCost",
                      "title": "Last Cost",
                      "type": "number"
                    },
                    {
                      "format": "decimal",
                      "property": "EverageCost",
                      "title": "Everage Cost",
                      "type": "number"
                    },
                    {
                      "format": "double",
                      "property": "Qty_On_Order",
                      "title": "Qty On Order",
                      "type": "number"
                    },
                    {
                      "format": "double",
                      "property": "Qty_In_Stock",
                      "title": "Qty In Stock",
                      "type": "number"
                    },
                    {
                      "format": "double",
                      "property": "Qty_On_Hand",
                      "title": "Qty On Hand",
                      "type": "number"
                    },
                    {
                      "format": "double",
                      "property": "Qty_Allocated",
                      "title": "Qty Allocated",
                      "type": "number"
                    },
                    {
                      "format": "double",
                      "property": "TotalInventory",
                      "title": "Total Inventory",
                      "type": "number"
                    },
                    {
                      "format": "double",
                      "property": "MTD_Qty_Sold",
                      "title": "MTD Qty Sold",
                      "type": "number"
                    },
                    {
                      "format": "decimal",
                      "property": "MTD_Gross_Sales",
                      "title": "MTD Gross Sales",
                      "type": "number"
                    },
                    {
                      "format": "decimal",
                      "property": "MTD_COGS",
                      "title": "MTD COGS",
                      "type": "number"
                    },
                    {
                      "format": "double",
                      "property": "YTD_Qty_Sold",
                      "title": "YTD Qty Sold",
                      "type": "number"
                    },
                    {
                      "format": "decimal",
                      "property": "YTD_Gross_Sales",
                      "title": "YTD Gross Sales",
                      "type": "number"
                    },
                    {
                      "format": "decimal",
                      "property": "YTD_COGS",
                      "title": "YTD COGS",
                      "type": "number"
                    },
                    {
                      "format": "double",
                      "property": "YTD_Qty_Returned",
                      "title": "YTD Qty Returned",
                      "type": "number"
                    },
                    {
                      "format": "double",
                      "property": "LTD_Qty_Sold",
                      "title": "LTD Qty Sold",
                      "type": "number"
                    },
                    {
                      "format": "decimal",
                      "property": "LTD_Gross_Sales",
                      "title": "LTD Gross Sales",
                      "type": "number"
                    },
                    {
                      "format": "decimal",
                      "property": "LTD_COGS",
                      "title": "LTD COGS",
                      "type": "number"
                    },
                    {
                      "format": "double",
                      "property": "NetGrossRate",
                      "title": "Net Gross Rate",
                      "type": "number"
                    },
                    {
                      "property": "VendorNumber_FK",
                      "title": "Vendor Number FK",
                      "type": "integer"
                    },
                    {
                      "format": "date-time",
                      "property": "LastUpdatedDate",
                      "formatString": "{0:MM/dd/yyyy}",
                      "title": "Last Updated Date",
                      "type": "string"
                    },
                    {
                      "property": "LastUpdatedBy_FK",
                      "title": "Last Updated By FK",
                      "type": "integer"
                    },
                    {
                      "property": "Notes",
                      "title": "Notes",
                      "type": "string"
                    },
                    {
                      "property": "Inactive",
                      "title": "Inactive",
                      "type": "boolean"
                    },
                    {
                      "filterable": false,
                      "sortable": false,
                      "bubble": false,
                      "width": "70px",
                      "textAlign": "center",
                      "template": [
                        {
                          "buttonStyle": "danger",
                          "icon": "close",
                          "name": "gridDeleteButton",
                          "text": "",
                          "size": "sm",
                          "type": "button",
                          "events": {
                            "click": [
                              {
                                "error": [
                                  {
                                    "detail": "Unable to delete TblIcInventory",
                                    "severity": "error",
                                    "summary": "Error",
                                    "type": "notify"
                                  }
                                ],
                                "name": "CanERP_DB_AT132.deleteTblIcInventory",
                                "parameters": [
                                  {
                                    "name": "Inventory_SEQ",
                                    "value": "${data.Inventory_SEQ}"
                                  }
                                ],
                                "then": [
                                  {
                                    "code": "grid0.Reload();",
                                    "condition": "result != null",
                                    "type": "execute"
                                  }
                                ],
                                "type": "invoke",
                                "argType": "ErpCan.Models.CanErpDbAt132.TblIcInventory"
                              }
                            ]
                          }
                        }
                      ]
                    }
                  ],
                  "type": "grid",
                  "itemType": "ErpCan.Models.CanErpDbAt132.TblIcInventory"
                }
              ]
            }
          ]
        }
      ]
    }
  ],
  "events": {
    "load": []
  },
  "name": "Tbl Ic Inventories",
  "layout": "Main"
}