{
  "components": [
    {
      "type": "content",
      "container": "contentContainer0",
      "components": [
        {
          "type": "heading",
          "name": "pageTitle",
          "size": "H1",
          "text": "Tbl Ic Units"
        },
        {
          "type": "row",
          "components": [
            {
              "type": "col",
              "class": "col-md-12",
              "components": [
                {
                  "icon": "add_circle_outline",
                  "name": "button0",
                  "style": {
                    "marginBottom": "10px"
                  },
                  "text": "Add",
                  "type": "button",
                  "events": {
                    "click": [
                      {
                        "path": "add-tbl-ic-unit",
                        "type": "popup",
                        "then": [
                          {
                            "code": "grid0.Reload();",
                            "type": "execute"
                          },
                          {
                            "code": "await InvokeAsync(() => { StateHasChanged(); });",
                            "type": "execute"
                          }
                        ]
                      }
                    ]
                  }
                },
                {
                  "name": "grid0",
                  "allowFiltering": true,
                  "allowPaging": true,
                  "allowSorting": true,
                  "events": {
                    "loadData": [],
                    "rowSelect": [
                      {
                        "parameters": [
                          {
                            "name": "Unit_SEQ",
                            "value": "${event.Unit_SEQ}"
                          }
                        ],
                        "path": "edit-tbl-ic-unit",
                        "type": "popup",
                        "argType": "ErpCan.Models.CanErpDbAt132.TblIcUnit",
                        "then": [
                          {
                            "code": "await InvokeAsync(() => { StateHasChanged(); });",
                            "type": "execute"
                          }
                        ]
                      }
                    ]
                  },
                  "title": "",
                  "columns": [
                    {
                      "property": "Unit_SEQ",
                      "title": "Unit SEQ",
                      "type": "integer"
                    },
                    {
                      "property": "UnitText",
                      "title": "Unit Text",
                      "type": "string"
                    },
                    {
                      "property": "Unit_FK",
                      "title": "Unit FK",
                      "type": "string"
                    },
                    {
                      "filterable": false,
                      "sortable": false,
                      "bubble": false,
                      "width": "70px",
                      "textAlign": "center",
                      "template": [
                        {
                          "buttonStyle": "danger",
                          "icon": "close",
                          "name": "gridDeleteButton",
                          "text": "",
                          "size": "sm",
                          "type": "button",
                          "events": {
                            "click": [
                              {
                                "error": [
                                  {
                                    "detail": "Unable to delete TblIcUnit",
                                    "severity": "error",
                                    "summary": "Error",
                                    "type": "notify"
                                  }
                                ],
                                "name": "CanERP_DB_AT132.deleteTblIcUnit",
                                "parameters": [
                                  {
                                    "name": "Unit_SEQ",
                                    "value": "${data.Unit_SEQ}"
                                  }
                                ],
                                "then": [
                                  {
                                    "code": "grid0.Reload();",
                                    "condition": "result != null",
                                    "type": "execute"
                                  }
                                ],
                                "type": "invoke",
                                "argType": "ErpCan.Models.CanErpDbAt132.TblIcUnit"
                              }
                            ]
                          }
                        }
                      ]
                    }
                  ],
                  "type": "grid",
                  "itemType": "ErpCan.Models.CanErpDbAt132.TblIcUnit"
                }
              ]
            }
          ]
        }
      ]
    }
  ],
  "events": {
    "load": []
  },
  "name": "Tbl Ic Units",
  "layout": "Main"
}